State,City,Accident_Date,Time,Weather,Road_Type,Severity,Vehicles_Involved,Casualties,Latitude,Longitude
Telangana,Hyderabad,2024-01-15,8:15,Heavy Rain,city road,1.0,2,,23.7119,83.5852
Tamil Nadu,Chennai,2023-09-16,19:00,Heavy Rain,highway ,,1,0.0,12.9293,86.5279
UP,Kanpur,2023-05-23,4:15,RAIN,Highway,1.0,3,,12.3294,87.669
Bihar,bhagalpur,2023-03-05,12:00,clear ,highway ,3.0,1,1.0,14.9092,79.0174
Telangana,Hyderabad,2024-03-19,3:45,clear ,rural road,3.0,2,0.0,18.9111,80.2035
Telangana,Nizamabad,2023-11-22,5:15,Fog,rural road,4.0,0,1.0,16.6743,81.03
Andhra Pradesh,Guntur,2024-02-25,1:30,foggy,National Highway,1.0,3,0.0,15.1948,82.6566
UP,Varanasi,2023-08-23,4:30,Fog,city road,3.0,1,1.0,21.7207,78.8758
Karnataka,Mangalore,2023-09-10,2:00,Rain,city road,2.0,1,0.0,22.9477,81.8417
Maharashtra,Nagpur,2024-03-16,0:00,clear ,highway ,3.0,1,0.0,12.5502,87.0025
Maharashtra,Nagpur,2024-01-26,5:00,clear ,highway ,2.0,2,0.0,16.9874,82.7207
Andhra Pradesh,Visakhapatnam,2023-09-08,0:00,,National Highway,2.0,0,1.0,27.5134,85.5265
Telangana,Nizamabad,2024-01-28,4:15,Storm,Expressway,2.0,2,1.0,13.4159,79.1558
Tamil Nadu,Madurai,2023-06-09,12:30,Storm,Expressway,4.0,1,0.0,18.2188,79.9848
Tamil Nadu,Chennai,2023-02-06,22:00,Heavy Rain,Highway,1.0,1,2.0,16.495,82.9697
Karnataka,Mangalore,2024-04-23,18:45,Heavy Rain,rural road,4.0,2,0.0,13.1928,87.8558
Andhra Pradesh,Vijayawada,2023-02-01,12:30,Rain,city road,2.0,1,1.0,12.0884,85.9701
Telangana,Warangal,2024-02-18,17:00,Clear,highway ,1.0,3,1.0,24.3403,77.8145
Tamil Nadu,Coimbatore,2024-04-07,1:15,foggy,Highway,4.0,0,0.0,25.8097,83.8563
Bihar,Patna,2023-04-08,9:15,Clear,,1.0,1,0.0,16.9757,80.577
Karnataka,Bengaluru,2024-05-06,16:00,Fog,Highway,1.0,2,2.0,26.1954,82.1944
Andhra Pradesh,Vijayawada,2023-08-03,21:30,clear ,city road,3.0,2,0.0,24.1726,83.174
Telangana,Hyderabad,2023-08-23,19:00,Rain,Expressway,2.0,1,2.0,20.3637,81.703
Maharashtra,Mumbai,2023-08-13,17:30,Clear,highway ,3.0,2,0.0,17.0297,82.5943
Karnataka,Mysuru,2023-05-25,19:15,RAIN,city road,3.0,1,1.0,18.5661,85.3111
Maharashtra,mumbai,2023-01-02,10:15,clear ,city road,4.0,1,0.0,26.8752,85.8893
Karnataka,Mangalore,2023-01-19,11:15,foggy,city road,1.0,3,1.0,24.8588,79.0523
Tamil Nadu,Madurai,2023-05-08,21:00,RAIN,Expressway,4.0,2,1.0,24.919,86.857
Karnataka,Mysuru,2023-01-13,5:30,foggy,highway ,2.0,1,0.0,15.647,81.6982
Tamil Nadu,Chennai,2024-02-23,14:30,,city road,2.0,2,1.0,12.1112,82.6182
Maharashtra,Pune,2023-11-25,16:45,RAIN,Highway,1.0,0,,13.9178,80.7138
UP,kanpur,2024-01-09,10:45,Rain,rural road,2.0,1,1.0,20.3006,84.7332
Tamil Nadu,Coimbatore,2023-08-09,2:30,RAIN,highway ,1.0,2,0.0,27.3992,79.7696
Maharashtra,Nagpur,2023-03-07,6:45,foggy,highway ,,0,0.0,16.5574,77.4058
UP,Varanasi,2023-11-07,20:30,Storm,rural road,4.0,2,3.0,12.8237,80.0651
Telangana,warangal,2023-09-21,21:30,Rain,city road,3.0,1,1.0,14.3183,82.384
Telangana,warangal,2023-08-01,20:15,foggy,rural road,4.0,3,1.0,15.8022,85.0104
Telangana,Warangal,2023-04-23,5:45,Clear,Expressway,2.0,3,0.0,22.1365,82.8935
Delhi,Dwarka,2023-11-10,23:45,Storm,city road,4.0,0,0.0,12.6524,83.4998
Bihar,Bhagalpur,2023-05-03,8:45,Rain,highway ,3.0,0,1.0,22.3228,78.918
UP,Varanasi,2023-03-20,22:15,Rain,rural road,4.0,0,2.0,26.9877,78.5127
Andhra Pradesh,Tirupati,2023-09-02,0:30,clear ,rural road,4.0,1,0.0,26.7951,86.6507
Maharashtra,Pune,2023-09-06,0:45,RAIN,highway ,4.0,2,0.0,25.0756,83.1072
UP,Varanasi,2023-10-16,21:00,Rain,highway ,4.0,0,1.0,13.4896,86.8694
Delhi,Dwarka,2024-01-25,12:30,foggy,National Highway,1.0,2,1.0,17.4245,80.8413
Telangana,Nizamabad,2023-01-21,0:15,Heavy Rain,Highway,2.0,2,1.0,26.1934,85.5786
Maharashtra,Pune,2023-03-27,19:00,Fog,National Highway,1.0,1,1.0,14.5861,86.8841
Tamil Nadu,Chennai,2023-10-31,22:15,Rain,highway ,3.0,2,0.0,12.081,78.7689
Delhi,Rohini,2023-08-08,21:30,,Expressway,3.0,4,1.0,22.4314,79.467
Bihar,Bhagalpur,2023-03-20,13:15,clear ,Expressway,4.0,0,1.0,17.2064,85.2114
Telangana,Warangal,2024-03-27,14:15,Storm,Expressway,4.0,3,1.0,22.5218,83.2514
Maharashtra,Pune,2023-05-24,19:30,Clear,Expressway,2.0,1,0.0,16.2432,79.6839
Bihar,Gaya,2024-02-10,0:00,clear ,city road,4.0,1,1.0,26.2727,83.9425
UP,Varanasi,2023-10-09,10:30,Storm,National Highway,3.0,2,2.0,21.2305,82.4177
Karnataka,Bengaluru,2023-04-21,23:45,clear ,highway ,3.0,2,0.0,16.4924,77.2675
Karnataka,Mysuru,2023-01-24,1:30,Fog,,4.0,0,1.0,27.0473,87.4932
Andhra Pradesh,Visakhapatnam,2024-04-26,15:00,,rural road,4.0,1,1.0,12.2473,87.2115
Maharashtra,Mumbai,2023-05-08,3:45,Heavy Rain,Expressway,4.0,2,0.0,27.4179,86.3831
Andhra Pradesh,Vijayawada,2024-04-30,6:15,clear ,highway ,,0,0.0,25.6182,80.4861
Bihar,Gaya,2023-01-17,7:30,,highway ,4.0,2,0.0,26.9785,84.6563
Tamil Nadu,Coimbatore,2023-02-28,17:15,,National Highway,2.0,0,1.0,21.8401,87.8906
Maharashtra,Pune,2023-03-05,14:30,foggy,National Highway,4.0,2,0.0,26.038,85.1485
Andhra Pradesh,Vijayawada,2023-04-28,21:00,clear ,Expressway,1.0,3,2.0,17.7519,80.2295
UP,Varanasi,2024-02-21,15:00,Storm,National Highway,4.0,2,1.0,25.8732,87.0456
Maharashtra,Nagpur,2024-04-28,12:00,Storm,Highway,3.0,2,4.0,24.7727,84.1496
Andhra Pradesh,Tirupati,2023-07-31,1:15,RAIN,Expressway,4.0,3,1.0,26.2401,80.7179
Bihar,Bhagalpur,2023-09-06,3:00,Heavy Rain,,2.0,1,0.0,21.2525,77.3954
Telangana,Warangal,2024-04-29,3:15,Storm,highway ,3.0,4,0.0,16.5847,83.4992
Karnataka,Mysuru,2023-04-08,19:15,Rain,National Highway,,1,2.0,14.033,82.7447
Bihar,Patna,2023-08-17,17:45,RAIN,National Highway,4.0,1,1.0,21.9662,77.9388
Tamil Nadu,Coimbatore,2023-01-23,10:45,foggy,,2.0,2,0.0,20.6502,84.0117
Bihar,Patna,2023-09-27,14:00,,rural road,2.0,0,1.0,24.723,79.9792
Telangana,Warangal,2024-03-12,21:45,RAIN,,4.0,1,0.0,12.4056,87.5891
Tamil Nadu,madurai,2023-02-16,13:00,Rain,rural road,2.0,2,1.0,18.5432,78.9062
Delhi,Dwarka,2023-03-16,7:45,,city road,2.0,1,0.0,20.7876,84.8606
Karnataka,Bengaluru,2023-08-25,20:30,Storm,National Highway,1.0,0,1.0,27.2778,85.1169
Delhi,Rohini,2023-06-03,20:45,clear ,rural road,3.0,4,2.0,18.7136,79.725
Maharashtra,Nagpur,2023-06-01,0:45,clear ,Highway,1.0,3,0.0,12.2303,78.2768
Tamil Nadu,Madurai,2024-02-15,11:15,Heavy Rain,Expressway,3.0,2,1.0,19.5868,78.0762
Andhra Pradesh,Visakhapatnam,2024-02-08,14:00,RAIN,highway ,2.0,1,0.0,14.7712,81.7724
Delhi,Rohini,2023-09-14,8:15,clear ,rural road,3.0,3,0.0,22.1615,77.4983
Tamil Nadu,Madurai,2024-01-06,21:45,,Highway,4.0,3,0.0,20.0502,86.4214
UP,Varanasi,2024-04-26,11:00,Heavy Rain,rural road,1.0,0,1.0,13.1291,84.0666
Bihar,Bhagalpur,2023-06-04,20:45,Rain,city road,1.0,2,0.0,27.0437,83.3302
Karnataka,Mysuru,2023-08-21,11:45,Fog,rural road,1.0,3,0.0,19.332,83.0018
Tamil Nadu,Coimbatore,2023-08-16,7:30,Rain,highway ,3.0,1,1.0,27.379,86.9589
Telangana,Warangal,2023-02-16,21:15,Clear,Highway,3.0,2,0.0,13.139,80.5087
Tamil Nadu,Madurai,2023-04-21,7:30,Fog,Expressway,1.0,1,1.0,13.8906,84.6641
Telangana,Nizamabad,2024-03-19,0:15,Clear,,2.0,3,1.0,23.7611,85.8383
Telangana,Nizamabad,2023-02-02,15:45,RAIN,Expressway,1.0,1,0.0,24.0098,85.8752
Maharashtra,Pune,2023-11-26,0:00,Storm,rural road,4.0,1,1.0,17.9523,85.5405
Karnataka,Bengaluru,2023-03-06,8:30,foggy,Expressway,3.0,2,0.0,25.7346,81.7189
Tamil Nadu,Coimbatore,2023-08-20,7:45,RAIN,rural road,4.0,2,1.0,13.65,86.9281
Karnataka,Mangalore,2024-04-17,15:00,Rain,Highway,1.0,3,1.0,17.1208,86.8508
Delhi,Rohini,2023-03-04,13:30,foggy,highway ,1.0,2,0.0,27.2097,83.3078
Bihar,Patna,2024-03-09,3:30,RAIN,Highway,3.0,1,3.0,16.6914,80.6153
Andhra Pradesh,Visakhapatnam,2023-01-15,5:30,,National Highway,3.0,3,1.0,24.6653,85.6858
Andhra Pradesh,Vijayawada,2024-01-18,16:15,foggy,rural road,4.0,1,0.0,12.9209,83.0448
Telangana,Hyderabad,2023-03-21,5:00,Rain,National Highway,4.0,3,0.0,17.6146,78.2877
Telangana,Warangal,2023-08-09,3:30,,Expressway,,2,0.0,21.8915,78.1123
Tamil Nadu,Chennai,2024-01-27,8:30,RAIN,Highway,1.0,2,0.0,13.1642,86.0405
Delhi,New Delhi,2023-07-23,23:00,foggy,Highway,4.0,1,1.0,13.3574,87.853
UP,Kanpur,2023-02-28,12:00,RAIN,city road,4.0,0,0.0,25.0048,87.4197
UP,Varanasi,2023-02-10,12:30,RAIN,city road,3.0,1,0.0,24.4344,83.1424
Delhi,Dwarka,2024-01-08,20:15,Heavy Rain,Highway,2.0,3,0.0,13.7792,82.4189
Bihar,Gaya,2024-01-22,18:45,RAIN,,3.0,1,0.0,12.9009,78.307
Andhra Pradesh,Visakhapatnam,2023-09-17,2:30,,rural road,1.0,2,0.0,23.9367,83.4171
UP,Kanpur,2023-10-25,17:00,Storm,Expressway,2.0,1,1.0,16.5714,86.5546
Delhi,Rohini,2023-02-13,16:15,Clear,city road,4.0,2,1.0,13.1807,83.0924
UP,Kanpur,2024-02-01,10:00,RAIN,Highway,3.0,2,1.0,22.0704,84.6532
Karnataka,Mysuru,2023-02-11,18:15,RAIN,National Highway,4.0,4,0.0,21.349,86.9127
Delhi,New Delhi,2023-12-10,22:00,,Expressway,3.0,4,0.0,16.4381,79.0693
Tamil Nadu,Chennai,2023-03-12,4:00,clear ,Highway,1.0,0,0.0,21.3385,77.8551
Karnataka,Mangalore,2024-01-30,19:15,Storm,Highway,4.0,2,2.0,16.9524,85.9517
Bihar,Patna,2023-10-01,7:30,Storm,city road,3.0,0,1.0,26.5748,86.0479
UP,Lucknow,2024-02-23,6:15,clear ,Highway,4.0,0,2.0,26.9237,86.5267
Maharashtra,Mumbai,2024-01-26,5:30,Storm,Expressway,2.0,3,0.0,27.7964,78.6546
Andhra Pradesh,Tirupati,2023-01-28,12:30,Heavy Rain,,1.0,0,2.0,27.5186,86.2633
Karnataka,Bengaluru,2023-01-20,9:45,Fog,,4.0,1,2.0,18.6371,80.0075
UP,Lucknow,2024-02-02,9:15,clear ,Highway,1.0,2,1.0,24.3038,87.3924
Bihar,Bhagalpur,2023-10-02,0:15,,National Highway,4.0,1,1.0,19.2087,78.4208
Delhi,New Delhi,2024-05-03,16:00,foggy,rural road,,2,1.0,15.6583,84.3887
Delhi,New Delhi,2024-01-11,21:00,RAIN,city road,1.0,0,2.0,13.8169,84.3873
Bihar,Bhagalpur,2023-04-04,4:00,Storm,Highway,3.0,3,1.0,20.3226,86.374
UP,Varanasi,2023-08-31,8:00,Heavy Rain,,3.0,4,2.0,26.0265,81.4383
UP,Kanpur,2024-01-16,14:45,RAIN,city road,4.0,2,2.0,23.2653,79.3426
UP,Lucknow,2023-08-09,19:15,clear ,National Highway,1.0,3,0.0,18.2759,81.8122
Bihar,Gaya,2023-08-17,1:30,,National Highway,1.0,1,1.0,20.2238,85.6202
Andhra Pradesh,Guntur,2024-03-10,19:45,Clear,city road,1.0,3,,25.7978,87.4447
Karnataka,Mangalore,2023-08-19,11:30,Storm,Highway,2.0,0,0.0,19.3462,87.7804
Karnataka,Mysuru,2023-09-23,12:00,clear ,National Highway,4.0,0,0.0,22.1344,79.6416
Karnataka,Bengaluru,2023-08-20,5:45,Rain,highway ,3.0,2,0.0,14.9101,80.8023
Karnataka,Mangalore,2023-12-30,22:15,RAIN,Expressway,2.0,1,,22.6809,78.8955
Delhi,Dwarka,2024-02-16,17:15,Rain,Highway,3.0,1,0.0,14.8322,77.9757
Telangana,Hyderabad,2024-05-12,10:00,Storm,rural road,3.0,1,0.0,15.3013,81.007
Karnataka,Mysuru,2023-09-15,1:00,Fog,National Highway,2.0,4,1.0,12.629,85.7935
Maharashtra,Mumbai,2023-05-09,6:30,Fog,highway ,3.0,1,1.0,25.9773,87.1296
Karnataka,Mangalore,2023-11-16,23:30,,Highway,1.0,1,0.0,24.8992,85.2309
UP,Varanasi,2023-11-24,0:45,clear ,highway ,3.0,1,0.0,17.9276,82.3298
Andhra Pradesh,Guntur,2023-08-14,13:45,Storm,city road,3.0,0,2.0,19.4006,85.2222
UP,Lucknow,2024-01-25,11:00,RAIN,city road,4.0,2,1.0,20.1868,82.8532
UP,Lucknow,2024-05-07,5:30,RAIN,city road,2.0,1,,20.5219,79.6672
UP,Varanasi,2023-08-23,7:15,RAIN,Highway,1.0,1,0.0,12.3211,80.5429
Andhra Pradesh,Vijayawada,2023-08-09,4:30,,,3.0,1,0.0,13.9162,86.7958
UP,Varanasi,2023-08-19,17:30,Rain,city road,1.0,4,1.0,24.6267,82.4829
Tamil Nadu,Madurai,2023-09-18,12:00,Clear,Highway,2.0,2,0.0,21.3895,85.1998
Karnataka,Mysuru,2024-04-21,19:30,Fog,rural road,3.0,0,0.0,16.5404,80.9939
Bihar,Patna,2023-07-08,10:00,foggy,Expressway,,3,2.0,17.6975,87.8517
Tamil Nadu,madurai,2023-01-27,18:45,Fog,Expressway,4.0,0,1.0,13.6285,78.6815
Andhra Pradesh,Tirupati,2023-06-10,13:15,foggy,highway ,2.0,1,0.0,14.9851,80.136
Andhra Pradesh,Guntur,2023-09-23,6:30,Storm,Expressway,4.0,2,0.0,18.5663,87.8062
Maharashtra,Nagpur,2023-09-05,6:15,clear ,Expressway,3.0,1,0.0,27.5115,86.5206
Bihar,Gaya,2023-09-03,11:30,clear ,Highway,4.0,1,1.0,14.7342,84.3551
Andhra Pradesh,Visakhapatnam,2024-05-04,22:00,RAIN,rural road,3.0,2,1.0,21.1458,80.0798
Maharashtra,Mumbai,2023-02-25,19:15,Heavy Rain,,2.0,1,1.0,17.1789,81.6798
Karnataka,Bengaluru,2024-05-08,17:15,foggy,highway ,4.0,0,1.0,13.8374,83.7168
Telangana,Nizamabad,2023-10-21,7:00,Fog,,2.0,2,0.0,14.4698,82.2925
Maharashtra,Mumbai,2023-01-05,9:00,RAIN,National Highway,4.0,1,1.0,17.3857,78.4786
Bihar,gaya,2023-04-09,3:30,Fog,highway ,4.0,3,0.0,16.0743,84.4965
Tamil Nadu,Chennai,2023-11-09,20:45,foggy,Expressway,3.0,2,2.0,19.5452,81.5303
Tamil Nadu,chennai,2023-05-14,12:15,Storm,National Highway,3.0,2,0.0,25.2899,87.6153
Andhra Pradesh,Vijayawada,2023-08-27,9:15,foggy,highway ,3.0,2,0.0,27.0134,78.9936
Karnataka,Mysuru,2023-03-20,14:30,foggy,highway ,4.0,2,0.0,21.1916,86.2601
Telangana,Nizamabad,2023-08-17,16:30,,Expressway,1.0,2,0.0,15.226,78.8002
Delhi,Rohini,2023-08-15,3:15,Storm,Highway,4.0,2,0.0,22.6432,82.7537
Bihar,bhagalpur,2024-02-18,9:00,foggy,National Highway,1.0,3,0.0,18.2791,85.9826
Andhra Pradesh,Vijayawada,2024-04-23,15:00,clear ,rural road,2.0,0,0.0,19.4029,80.3152
UP,Kanpur,2024-03-21,12:45,Rain,highway ,2.0,2,2.0,15.7154,86.8953
Tamil Nadu,Chennai,2024-01-23,0:30,Storm,highway ,4.0,2,1.0,26.5036,83.8666
Telangana,Hyderabad,2024-02-19,21:45,,city road,2.0,0,2.0,14.2284,85.7343
Tamil Nadu,Madurai,2023-01-23,12:45,Heavy Rain,Expressway,2.0,2,3.0,26.3023,85.6746
Delhi,Rohini,2023-11-03,21:30,Heavy Rain,National Highway,2.0,1,0.0,15.9758,85.1834
Karnataka,Mangalore,2023-12-14,13:45,Clear,National Highway,4.0,2,0.0,24.1993,86.6444
Bihar,Patna,2024-03-10,7:30,Fog,rural road,1.0,3,0.0,13.7701,86.311
Tamil Nadu,Coimbatore,2023-11-28,2:45,,Highway,2.0,1,0.0,24.7567,78.6491
Tamil Nadu,Coimbatore,2023-04-17,10:30,Clear,city road,2.0,2,0.0,23.5206,84.0526
Tamil Nadu,Coimbatore,2024-04-13,7:30,clear ,rural road,4.0,2,2.0,16.0288,80.8027
Telangana,Nizamabad,2023-08-29,10:15,,National Highway,,0,2.0,19.3921,87.4201
UP,Kanpur,2023-03-20,6:30,Heavy Rain,rural road,2.0,2,0.0,20.0942,83.726
Bihar,Gaya,2023-03-28,23:30,Fog,city road,4.0,2,1.0,23.1464,87.1475
Telangana,Nizamabad,2023-01-25,0:45,,highway ,2.0,1,1.0,21.2206,83.6739
Bihar,Bhagalpur,2023-09-07,0:00,foggy,Highway,,3,0.0,26.9499,87.1813
UP,Lucknow,2023-02-24,3:15,Heavy Rain,city road,3.0,0,0.0,27.7575,86.2279
Tamil Nadu,Madurai,2023-04-26,9:00,Clear,Highway,,2,2.0,21.4604,81.389
Bihar,Gaya,2023-11-27,10:00,Clear,city road,2.0,1,0.0,24.8457,77.051
Maharashtra,Nagpur,2023-10-16,21:00,Fog,National Highway,1.0,0,0.0,20.5983,87.1184
Telangana,Warangal,2023-03-25,18:15,foggy,highway ,3.0,0,0.0,23.8,81.9744
Delhi,New Delhi,2023-02-20,13:15,Rain,National Highway,4.0,1,0.0,14.2537,78.9403
Tamil Nadu,Coimbatore,2023-10-11,12:45,Fog,highway ,4.0,1,0.0,26.6375,80.9863
Karnataka,Mysuru,2023-12-31,20:15,foggy,,3.0,4,2.0,12.2095,84.2989
Karnataka,Bengaluru,2023-04-06,13:45,foggy,Highway,1.0,1,0.0,13.3656,87.9656
Andhra Pradesh,Visakhapatnam,2023-07-31,12:00,Heavy Rain,Expressway,2.0,5,1.0,13.0732,85.2496
Karnataka,Mysuru,2023-05-22,13:30,Storm,Highway,3.0,2,0.0,15.2822,79.0976
Telangana,Hyderabad,2023-06-05,0:45,RAIN,Expressway,4.0,1,0.0,21.0375,77.7228
Karnataka,Mysuru,2023-06-14,19:15,Storm,National Highway,2.0,1,2.0,20.3902,81.8484
Tamil Nadu,Coimbatore,2023-07-12,8:45,RAIN,Highway,2.0,3,1.0,14.4838,79.0012
Bihar,Bhagalpur,2023-04-18,14:30,Rain,rural road,4.0,0,0.0,22.304,81.4961
UP,Lucknow,2023-08-18,19:45,foggy,Expressway,4.0,3,2.0,12.4335,79.4417
Telangana,Hyderabad,2024-01-29,7:30,Fog,highway ,1.0,2,0.0,12.3154,78.1452
UP,Lucknow,2023-01-06,3:30,Heavy Rain,Expressway,2.0,1,1.0,22.4439,79.62
Delhi,New Delhi,2023-09-05,3:30,foggy,Highway,1.0,1,0.0,23.5563,86.4127
Bihar,Gaya,2023-09-01,3:45,Storm,National Highway,1.0,1,2.0,22.6894,79.2548
Karnataka,Mangalore,2023-05-05,16:15,Fog,National Highway,4.0,2,0.0,12.208,77.9406
UP,Kanpur,2023-01-15,23:15,Storm,Expressway,4.0,2,0.0,18.7428,86.8194
Telangana,Nizamabad,2023-02-22,17:15,RAIN,National Highway,2.0,1,2.0,16.1508,81.1766
UP,Varanasi,2023-07-20,18:00,RAIN,National Highway,4.0,0,1.0,21.9864,81.5035
Telangana,Nizamabad,2023-03-10,10:00,Heavy Rain,National Highway,1.0,0,2.0,16.7115,87.433
UP,Kanpur,2023-04-06,15:15,Fog,rural road,3.0,1,1.0,25.8955,82.3617
Andhra Pradesh,Tirupati,2023-03-11,6:45,Storm,rural road,4.0,2,,18.8034,77.2472
Tamil Nadu,Coimbatore,2023-01-17,8:15,clear ,city road,4.0,2,0.0,22.1357,79.8368
Maharashtra,Nagpur,2024-02-26,11:00,Storm,Expressway,2.0,2,0.0,27.7504,82.7826
Andhra Pradesh,Tirupati,2023-05-15,11:00,Storm,Highway,2.0,1,0.0,12.2943,87.0573
UP,Lucknow,2023-11-12,4:15,Heavy Rain,Highway,3.0,2,0.0,16.3849,83.096
Maharashtra,Nagpur,2024-04-05,21:00,Fog,rural road,1.0,3,1.0,15.3027,77.121
Delhi,New Delhi,2024-01-25,21:45,Storm,city road,3.0,2,1.0,21.6083,84.3154
UP,Varanasi,2024-01-19,8:30,Storm,rural road,3.0,0,0.0,20.3027,77.5166
Delhi,New Delhi,2024-02-12,17:45,Heavy Rain,rural road,2.0,2,0.0,13.3248,83.6347
Bihar,Gaya,2024-04-02,21:00,,Highway,4.0,1,0.0,16.6191,80.9124
UP,Lucknow,2023-12-19,4:30,Fog,National Highway,1.0,0,2.0,21.0625,82.2366
UP,Varanasi,2023-06-06,23:15,foggy,,1.0,2,1.0,23.7212,79.3643
Bihar,Patna,2023-01-05,22:30,Rain,rural road,2.0,1,1.0,19.9419,83.5653
Delhi,Dwarka,2023-03-12,12:15,Fog,Highway,1.0,3,0.0,13.7056,77.8265
UP,Varanasi,2023-12-18,14:15,Rain,Highway,2.0,1,2.0,23.0144,81.7831
Karnataka,Bengaluru,2023-05-22,20:00,Heavy Rain,Expressway,3.0,2,0.0,24.7907,84.6417
Tamil Nadu,Madurai,2023-07-20,9:00,Heavy Rain,rural road,4.0,2,0.0,17.7756,78.0074
Delhi,Dwarka,2023-03-09,12:45,RAIN,Expressway,,1,1.0,14.9621,82.9609
Maharashtra,Mumbai,2023-01-21,1:45,clear ,highway ,4.0,2,1.0,24.905,84.2466
Telangana,Warangal,2023-02-10,16:15,Fog,Expressway,3.0,3,1.0,15.9947,82.3837
UP,Varanasi,2024-05-03,7:00,Heavy Rain,Highway,4.0,2,1.0,14.8892,83.2474
Karnataka,Bengaluru,2023-01-07,22:15,Clear,city road,4.0,0,2.0,26.7903,87.6816
Karnataka,Mangalore,2024-02-04,8:00,Clear,,4.0,1,1.0,25.7927,86.29
Bihar,Bhagalpur,2023-07-04,1:45,Fog,National Highway,2.0,3,0.0,12.5921,83.559
Andhra Pradesh,Vijayawada,2024-03-15,0:15,Clear,rural road,3.0,1,0.0,13.2313,84.6592
UP,Lucknow,2023-06-14,7:45,RAIN,National Highway,1.0,3,0.0,13.0457,80.4682
Andhra Pradesh,Tirupati,2023-02-05,14:30,clear ,,1.0,3,1.0,17.1,83.8848
Tamil Nadu,coimbatore,2023-07-08,18:45,Heavy Rain,highway ,2.0,2,1.0,15.7274,77.2684
Andhra Pradesh,Visakhapatnam,2023-01-01,21:45,clear ,Highway,2.0,2,2.0,27.0251,85.7866
Maharashtra,Mumbai,2023-01-23,7:45,RAIN,rural road,1.0,1,2.0,19.678,83.9026
Andhra Pradesh,Tirupati,2023-12-06,4:15,clear ,National Highway,3.0,1,2.0,18.7417,85.1134
Tamil Nadu,Chennai,2024-04-28,6:15,Rain,city road,1.0,1,0.0,17.674,80.1596
Tamil Nadu,Coimbatore,2023-06-07,14:30,Rain,Highway,2.0,0,0.0,12.6735,77.1966
Delhi,New Delhi,2023-02-16,22:15,RAIN,rural road,1.0,1,1.0,18.1492,84.4761
Bihar,bhagalpur,2024-01-19,17:15,Rain,rural road,1.0,3,0.0,27.1157,82.1414
Karnataka,Bengaluru,2024-02-26,12:30,Rain,Expressway,3.0,0,1.0,27.8587,79.5484
Karnataka,Bengaluru,2024-04-08,10:00,Clear,rural road,1.0,2,,21.7238,82.6396
UP,Lucknow,2023-07-01,6:15,clear ,,4.0,1,0.0,15.5278,79.0508
UP,Varanasi,2023-09-03,1:00,clear ,rural road,2.0,1,2.0,12.9255,87.6601
Andhra Pradesh,Tirupati,2024-02-05,22:30,Storm,Expressway,4.0,3,,23.1363,78.6929
Tamil Nadu,Chennai,2024-04-03,8:00,Storm,Expressway,3.0,1,1.0,15.5811,82.9067
Maharashtra,Nagpur,2024-02-22,23:00,Heavy Rain,Expressway,4.0,3,2.0,13.4638,86.6521
Delhi,Rohini,2023-01-15,22:30,Fog,Expressway,2.0,1,0.0,26.22,87.5122
Andhra Pradesh,Vijayawada,2023-01-29,7:15,,Expressway,4.0,2,1.0,22.4839,83.0594
Delhi,New Delhi,2023-01-12,4:15,Rain,Expressway,3.0,1,0.0,17.963,79.8573
Maharashtra,Pune,2023-03-11,5:45,Storm,highway ,3.0,1,2.0,13.2967,79.422
Tamil Nadu,Madurai,2023-10-29,5:45,clear ,highway ,3.0,1,1.0,25.6193,82.4466
Andhra Pradesh,Guntur,2023-11-05,10:15,Rain,rural road,2.0,5,0.0,25.1949,80.8259
Telangana,Nizamabad,2023-12-10,20:30,Storm,Highway,3.0,2,2.0,16.2725,86.6649
Andhra Pradesh,Tirupati,2023-08-13,23:45,Fog,rural road,4.0,2,2.0,25.6093,86.5402
Tamil Nadu,Chennai,2023-08-20,2:00,clear ,Highway,3.0,2,1.0,23.1595,84.4815
Telangana,Nizamabad,2024-04-27,2:30,Storm,highway ,1.0,3,1.0,14.5377,86.6896
Delhi,New Delhi,2024-05-13,6:45,clear ,highway ,3.0,1,1.0,17.3619,85.1786
Andhra Pradesh,Visakhapatnam,2023-01-02,13:00,clear ,,4.0,2,0.0,25.3141,82.5821
Telangana,Warangal,2024-02-06,12:45,Storm,highway ,3.0,2,1.0,22.109,79.8578
Bihar,Patna,2023-05-15,14:45,clear ,city road,3.0,2,3.0,24.4775,78.1768
UP,Varanasi,2023-04-27,17:00,foggy,Expressway,4.0,2,2.0,27.4079,80.7606
Maharashtra,Mumbai,2023-07-22,22:00,Fog,Highway,4.0,2,1.0,13.6402,87.3095
UP,Lucknow,2023-12-16,13:15,Fog,Expressway,3.0,1,1.0,16.8154,84.7899
Delhi,Dwarka,2023-09-24,14:00,foggy,Highway,4.0,2,0.0,17.5341,83.8301
Telangana,Nizamabad,2024-02-04,3:30,RAIN,rural road,3.0,1,1.0,24.1322,77.2705
Karnataka,Mangalore,2023-11-08,21:45,Clear,,3.0,3,0.0,22.9327,81.9049
Delhi,Dwarka,2023-06-09,8:45,Rain,city road,2.0,0,1.0,14.618,85.7429
Telangana,Hyderabad,2023-08-15,6:45,Storm,Expressway,3.0,0,1.0,13.3181,84.4855
Karnataka,Mangalore,2024-03-26,18:00,Fog,city road,2.0,0,1.0,27.2138,78.6616
Maharashtra,Pune,2024-02-26,14:45,Rain,highway ,1.0,2,0.0,18.7156,84.0238
Delhi,Dwarka,2023-03-25,8:00,,Highway,4.0,0,0.0,27.7436,81.5027
Tamil Nadu,Madurai,2023-04-16,8:45,Clear,highway ,1.0,1,1.0,15.4097,77.3425
Maharashtra,Nagpur,2024-05-10,22:30,foggy,rural road,3.0,0,2.0,25.8297,82.2053
Telangana,Hyderabad,2023-09-19,21:30,clear ,National Highway,1.0,2,1.0,24.3347,86.2926
Maharashtra,Mumbai,2023-03-18,16:15,Clear,Expressway,4.0,2,2.0,14.0999,77.3578
Maharashtra,Pune,2023-07-27,12:00,Heavy Rain,National Highway,2.0,2,1.0,24.7446,82.2967
Maharashtra,Mumbai,2024-03-06,21:15,clear ,Highway,4.0,1,2.0,15.2084,82.4075
Delhi,Rohini,2023-02-15,7:30,Heavy Rain,highway ,3.0,2,0.0,16.3039,85.7732
Telangana,Warangal,2023-01-28,20:00,Storm,city road,1.0,1,0.0,12.1859,77.7969
Karnataka,Bengaluru,2023-06-25,13:45,Fog,National Highway,2.0,1,1.0,21.6003,80.2083
Andhra Pradesh,Tirupati,2023-05-21,6:15,Fog,rural road,1.0,2,1.0,24.4776,77.4358
Andhra Pradesh,Vijayawada,2023-10-01,6:30,,,2.0,0,0.0,15.8727,87.8533
Maharashtra,Mumbai,2023-02-22,12:30,Fog,Highway,1.0,1,0.0,21.8905,84.7271
Karnataka,Mysuru,2024-04-06,15:30,,city road,4.0,1,,17.2234,82.6948
Karnataka,Bengaluru,2023-07-07,22:00,foggy,highway ,3.0,1,0.0,12.5312,77.8644
Andhra Pradesh,Vijayawada,2023-12-20,3:45,Storm,rural road,1.0,0,0.0,21.0807,84.5841
Maharashtra,Pune,2023-12-05,3:30,Fog,rural road,1.0,1,1.0,14.6797,78.1502
Tamil Nadu,Coimbatore,2024-03-01,16:15,RAIN,,4.0,3,1.0,12.5054,87.2983
Delhi,New Delhi,2023-01-02,0:00,Rain,Expressway,4.0,2,0.0,23.345,86.5807
Maharashtra,nagpur,2023-04-29,14:30,clear ,rural road,1.0,3,1.0,17.4312,85.9631
Delhi,Dwarka,2024-01-14,3:00,Clear,Highway,2.0,3,1.0,19.2371,84.0794
Telangana,Warangal,2024-02-22,10:15,Rain,rural road,4.0,4,1.0,13.3061,77.6639
Karnataka,Bengaluru,2023-03-09,22:00,Fog,Highway,4.0,1,0.0,25.9485,79.4114
Delhi,Rohini,2023-01-15,21:15,Storm,rural road,1.0,2,,22.5393,82.4802
Tamil Nadu,Madurai,2024-03-23,10:00,foggy,highway ,2.0,4,1.0,15.6553,87.9597
Andhra Pradesh,Vijayawada,2023-11-26,5:45,Storm,city road,1.0,2,1.0,15.1927,84.4825
UP,Kanpur,2024-02-23,7:00,Storm,rural road,4.0,1,0.0,25.8924,84.9989
Andhra Pradesh,Vijayawada,2023-07-26,13:00,Clear,Highway,3.0,1,2.0,17.535,81.0814
Andhra Pradesh,Guntur,2024-03-08,14:30,Storm,highway ,3.0,2,2.0,19.0178,84.9778
Maharashtra,Nagpur,2023-09-25,11:00,Clear,city road,4.0,3,0.0,26.4112,81.6389
Tamil Nadu,Chennai,2024-04-21,12:15,Storm,city road,3.0,2,0.0,26.5978,79.3173
Bihar,Gaya,2023-12-04,18:15,Storm,Highway,1.0,3,2.0,23.7298,78.4472
Karnataka,Mangalore,2023-10-24,5:15,Rain,rural road,3.0,2,1.0,14.8749,79.613
Maharashtra,Pune,2024-05-08,10:30,Storm,city road,2.0,1,2.0,15.9557,86.5782
Delhi,Rohini,2024-01-13,17:15,Heavy Rain,city road,3.0,2,1.0,17.7477,83.5225
Karnataka,Mangalore,2023-10-05,22:30,Rain,National Highway,4.0,1,0.0,27.5106,79.8395
Maharashtra,Pune,2024-02-18,0:00,,,2.0,0,2.0,24.3756,78.4396
Maharashtra,Mumbai,2024-03-05,1:30,Heavy Rain,Expressway,1.0,1,1.0,15.7768,77.8085
Tamil Nadu,Madurai,2023-11-28,17:45,Heavy Rain,,3.0,2,0.0,17.3921,86.1177
Delhi,Rohini,2023-01-28,0:30,Heavy Rain,Expressway,4.0,0,0.0,21.8743,84.7745
Tamil Nadu,Madurai,2024-05-08,6:30,Storm,city road,1.0,1,0.0,12.5867,85.1004
Maharashtra,Mumbai,2023-03-24,18:30,Clear,National Highway,4.0,1,3.0,25.5067,85.8624
Maharashtra,Pune,2024-02-09,18:30,Rain,highway ,3.0,3,1.0,15.2935,78.2311
UP,Lucknow,2023-06-28,7:15,RAIN,National Highway,3.0,1,0.0,20.4987,87.3027
Andhra Pradesh,Vijayawada,2023-12-09,11:45,Heavy Rain,highway ,2.0,2,0.0,17.0585,82.5796
UP,Kanpur,2023-10-04,23:30,Clear,Expressway,3.0,3,1.0,19.2758,82.6716
Delhi,Rohini,2023-02-12,3:15,Clear,highway ,1.0,4,0.0,14.2344,77.3297
Tamil Nadu,madurai,2024-02-29,22:45,,highway ,2.0,3,0.0,15.2297,84.4078
Maharashtra,Nagpur,2023-02-06,18:15,clear ,rural road,4.0,1,2.0,25.8903,78.9486
Andhra Pradesh,Vijayawada,2024-01-23,23:00,Rain,National Highway,1.0,3,1.0,27.1138,84.5157
UP,Kanpur,2024-02-25,21:00,Storm,city road,2.0,4,0.0,25.9025,83.2767
Karnataka,Mysuru,2023-12-13,23:30,Clear,,2.0,3,2.0,15.4508,84.2477
Maharashtra,Mumbai,2024-01-19,23:30,Heavy Rain,rural road,2.0,3,0.0,13.7055,84.2363
Andhra Pradesh,Tirupati,2023-11-27,17:00,clear ,highway ,1.0,1,1.0,25.9321,85.6062
Tamil Nadu,Chennai,2023-05-26,19:00,Heavy Rain,National Highway,4.0,3,1.0,26.0562,81.4455
Delhi,Dwarka,2024-05-05,13:15,Clear,National Highway,2.0,3,0.0,24.9255,85.3851
Delhi,Dwarka,2023-08-25,14:30,clear ,rural road,1.0,1,2.0,25.0853,78.3223
Tamil Nadu,Coimbatore,2024-01-11,20:00,Rain,Highway,1.0,1,,17.1934,81.0311
Maharashtra,Nagpur,2024-04-02,17:45,Fog,National Highway,4.0,3,0.0,18.2169,81.9356
Telangana,Warangal,2023-07-06,16:00,Heavy Rain,Expressway,2.0,1,0.0,15.6363,77.8052
Karnataka,Mangalore,2024-01-10,15:30,Clear,city road,4.0,3,2.0,21.9118,82.0984
Delhi,Dwarka,2023-08-29,14:00,Clear,highway ,3.0,3,0.0,20.3053,82.271
Karnataka,Mysuru,2023-12-01,12:30,Rain,Expressway,3.0,0,0.0,21.2828,82.8696
Bihar,Gaya,2024-03-30,19:00,Fog,rural road,2.0,3,1.0,25.0078,84.8994
Telangana,Nizamabad,2023-04-28,13:30,Rain,rural road,4.0,2,1.0,15.8957,87.1974
Karnataka,Mangalore,2023-10-31,5:15,,Expressway,2.0,1,0.0,19.7739,79.8245
Andhra Pradesh,Visakhapatnam,2024-04-29,2:15,Storm,Expressway,4.0,0,0.0,24.8484,82.9308
Karnataka,Mangalore,2023-12-04,16:30,Fog,highway ,3.0,3,0.0,23.4584,79.9989
Andhra Pradesh,Guntur,2023-09-25,16:45,Fog,Expressway,1.0,0,0.0,14.8984,84.4923
Telangana,hyderabad,2023-09-04,21:15,Clear,highway ,4.0,2,0.0,23.3447,78.1756
Bihar,Gaya,2023-06-29,18:00,foggy,city road,3.0,0,1.0,27.4068,82.319
UP,Kanpur,2023-04-07,0:00,Rain,Expressway,1.0,2,2.0,12.6946,83.9647
UP,Varanasi,2023-10-27,8:30,foggy,Expressway,3.0,2,1.0,25.107,86.7263
Bihar,Patna,2023-07-09,17:45,clear ,National Highway,3.0,1,0.0,21.7757,81.5213
Tamil Nadu,Coimbatore,2024-02-05,22:15,Rain,city road,4.0,0,0.0,24.4884,80.0229
UP,Varanasi,2023-01-03,2:15,Storm,Expressway,4.0,1,2.0,22.6808,78.0509
UP,Varanasi,2023-12-02,16:30,Clear,city road,4.0,0,3.0,21.3857,78.8482
Andhra Pradesh,Guntur,2023-11-11,5:00,RAIN,city road,1.0,2,1.0,15.4678,78.0529
UP,Varanasi,2023-04-13,16:00,Rain,Highway,3.0,2,0.0,21.7135,83.0137
Tamil Nadu,Madurai,2024-05-08,6:45,foggy,Expressway,1.0,1,0.0,21.5116,82.4644
Telangana,Nizamabad,2024-05-04,8:30,Storm,rural road,4.0,1,2.0,18.8512,84.8936
Andhra Pradesh,Tirupati,2023-03-01,8:00,foggy,highway ,2.0,2,2.0,16.3866,77.8736
Andhra Pradesh,Visakhapatnam,2023-05-08,9:00,,highway ,3.0,1,0.0,15.6265,80.905
Maharashtra,Mumbai,2024-04-29,23:15,Storm,highway ,2.0,2,0.0,13.0818,85.8039
Delhi,New Delhi,2024-02-03,3:00,Rain,highway ,4.0,2,0.0,26.0813,84.1597
Delhi,Dwarka,2024-04-04,18:30,Storm,city road,3.0,0,1.0,17.328,84.3644
Andhra Pradesh,Visakhapatnam,2023-07-21,21:15,Storm,,4.0,4,1.0,19.4433,77.6616
Delhi,Rohini,2024-03-17,8:15,clear ,city road,3.0,2,1.0,14.8048,84.5901
Delhi,Dwarka,2024-03-13,12:30,Storm,city road,2.0,2,0.0,13.5468,81.9541
UP,Kanpur,2023-04-11,4:15,Storm,Highway,2.0,1,2.0,22.6386,85.7499
Delhi,Dwarka,2023-06-03,8:00,,Highway,2.0,0,0.0,27.8797,87.197
Delhi,Dwarka,2023-07-04,11:30,RAIN,Highway,4.0,3,1.0,20.3353,83.8594
Karnataka,Mysuru,2023-07-01,10:45,Storm,Highway,4.0,2,0.0,14.0434,86.0867
Delhi,Dwarka,2023-11-20,19:45,Rain,Highway,2.0,2,1.0,12.5786,80.3344
UP,Kanpur,2024-03-30,14:30,Storm,,2.0,1,0.0,13.4023,87.3065
Telangana,Hyderabad,2023-03-27,12:00,Rain,,4.0,0,1.0,18.3517,81.9192
Maharashtra,Nagpur,2023-03-21,2:45,clear ,city road,2.0,2,3.0,26.7103,82.4666
Andhra Pradesh,Visakhapatnam,2024-03-16,10:45,Storm,Expressway,3.0,2,0.0,18.09,86.6577
Bihar,Bhagalpur,2024-01-19,20:45,clear ,National Highway,4.0,2,1.0,24.6405,80.3515
Maharashtra,Mumbai,2023-01-01,16:15,RAIN,National Highway,4.0,1,0.0,14.7764,84.6445
UP,Kanpur,2023-11-02,7:00,RAIN,city road,4.0,2,0.0,22.2556,86.0473
UP,Lucknow,2023-05-15,2:45,Heavy Rain,Expressway,3.0,1,1.0,21.7,85.4129
Karnataka,bengaluru,2023-05-29,3:45,Storm,,4.0,2,0.0,18.3786,78.6101
Telangana,Warangal,2023-05-18,4:45,Clear,city road,1.0,1,0.0,12.413,78.4868
Delhi,Dwarka,2023-12-23,1:30,Rain,city road,1.0,2,1.0,27.4532,81.7575
Maharashtra,Pune,2024-02-29,0:00,Heavy Rain,rural road,4.0,2,0.0,19.0322,78.1623
Tamil Nadu,Coimbatore,2023-07-19,21:30,RAIN,city road,1.0,0,1.0,21.9134,84.1522
Delhi,New Delhi,2024-03-18,21:15,Rain,city road,4.0,1,2.0,12.9306,87.9435
Andhra Pradesh,Vijayawada,2023-10-25,22:45,Fog,National Highway,1.0,2,0.0,27.7389,79.631
Andhra Pradesh,Vijayawada,2023-07-02,20:15,Rain,city road,4.0,1,0.0,23.0746,77.6852
Bihar,Bhagalpur,2023-04-09,0:45,RAIN,,2.0,2,1.0,25.0235,83.7674
Bihar,Patna,2023-10-18,5:30,RAIN,highway ,4.0,3,0.0,20.4327,81.6869
Karnataka,Mysuru,2023-06-01,8:30,Storm,Highway,4.0,0,0.0,17.8841,81.5554
Delhi,Rohini,2023-02-02,21:45,Heavy Rain,Expressway,4.0,2,1.0,24.3089,77.1213
Telangana,Nizamabad,2023-12-04,2:00,Fog,city road,1.0,1,1.0,12.3071,79.8579
Bihar,Bhagalpur,2023-11-16,22:30,Clear,National Highway,2.0,1,1.0,20.565,79.3672
Telangana,Warangal,2024-02-15,20:00,RAIN,Expressway,4.0,1,1.0,13.7558,83.0276
Telangana,Warangal,2023-02-09,6:00,Rain,highway ,2.0,3,0.0,13.5693,82.3707
Karnataka,Mangalore,2024-01-19,17:45,Rain,highway ,3.0,1,0.0,23.7977,82.2362
UP,Varanasi,2023-06-22,21:15,Storm,National Highway,3.0,0,0.0,19.3511,85.6352
Delhi,Rohini,2023-05-04,18:15,foggy,Expressway,,1,,23.0102,81.8136
Maharashtra,Nagpur,2023-01-09,16:15,clear ,Highway,3.0,2,0.0,12.6148,86.9194
Maharashtra,Nagpur,2023-09-19,17:15,Rain,Highway,4.0,4,0.0,22.5497,86.8463
Maharashtra,Mumbai,2023-10-20,12:15,Rain,highway ,3.0,3,2.0,13.0664,82.7025
Telangana,Nizamabad,2023-11-25,9:00,foggy,Highway,1.0,2,0.0,20.1956,84.4825
Telangana,Hyderabad,2024-01-18,20:00,foggy,Highway,3.0,1,1.0,13.1401,77.1332
Karnataka,Bengaluru,2023-12-11,23:45,Storm,Expressway,1.0,0,0.0,17.5953,85.5212
Andhra Pradesh,Tirupati,2023-05-15,2:45,foggy,highway ,2.0,0,1.0,14.7857,78.0824
Tamil Nadu,Chennai,2023-02-06,8:45,RAIN,highway ,1.0,3,1.0,16.2407,77.2304
Andhra Pradesh,Visakhapatnam,2023-03-28,11:45,Fog,rural road,1.0,3,0.0,21.9946,81.2013
Telangana,Hyderabad,2024-01-14,1:15,Fog,National Highway,1.0,1,0.0,21.8402,85.521
Tamil Nadu,Chennai,2023-10-07,16:30,Storm,Expressway,2.0,2,3.0,12.6712,87.6534
Maharashtra,Mumbai,2023-01-31,9:15,clear ,,4.0,1,1.0,27.6795,83.6207
Delhi,New Delhi,2023-01-10,9:45,Heavy Rain,rural road,1.0,3,1.0,24.9883,84.2213
Bihar,Bhagalpur,2024-04-19,22:00,Clear,city road,3.0,1,0.0,26.8493,79.4708
Maharashtra,Mumbai,2024-05-15,16:30,Clear,highway ,,0,0.0,19.0305,83.7423
Maharashtra,Mumbai,2023-03-19,10:45,Fog,Highway,4.0,1,0.0,26.1908,84.1039
Karnataka,Mysuru,2024-05-11,9:30,Storm,Expressway,2.0,3,0.0,25.7819,86.3117
Maharashtra,Nagpur,2023-12-28,16:15,foggy,city road,2.0,1,1.0,24.0807,82.0659
Karnataka,Mangalore,2023-01-16,10:45,foggy,National Highway,4.0,2,1.0,24.4232,84.2178
Tamil Nadu,chennai,2023-03-09,5:00,clear ,Expressway,2.0,2,0.0,27.7547,87.3113
Karnataka,Mangalore,2024-03-09,19:45,RAIN,city road,4.0,2,0.0,25.0846,79.3486
Andhra Pradesh,Visakhapatnam,2024-05-01,13:15,Heavy Rain,city road,1.0,3,1.0,23.7248,82.9646
Bihar,Patna,2023-08-07,12:00,foggy,highway ,3.0,2,3.0,16.7608,83.2152
Andhra Pradesh,Vijayawada,2023-08-20,14:00,Heavy Rain,,4.0,2,1.0,22.1807,85.3723
Tamil Nadu,Coimbatore,2023-08-14,12:30,clear ,rural road,2.0,1,0.0,12.1493,79.7135
Bihar,patna,2024-01-05,16:00,Fog,Expressway,2.0,1,0.0,24.8011,79.2444
Tamil Nadu,Coimbatore,2023-02-16,8:30,Fog,highway ,1.0,4,1.0,21.8558,79.0683
Karnataka,Mysuru,2023-10-09,12:00,Fog,National Highway,2.0,3,0.0,20.8676,77.0575
Bihar,Gaya,2023-11-17,5:00,Fog,city road,1.0,1,1.0,27.3292,81.0473
Andhra Pradesh,Tirupati,2023-05-02,6:45,,rural road,4.0,0,0.0,16.8897,86.6432
Tamil Nadu,Chennai,2023-04-05,4:00,RAIN,Highway,2.0,4,0.0,26.1791,83.5235
Andhra Pradesh,Vijayawada,2023-08-02,5:15,clear ,Expressway,2.0,0,0.0,23.1299,77.0354
Delhi,Dwarka,2024-04-04,12:00,foggy,Expressway,1.0,0,2.0,24.7072,78.0229
Tamil Nadu,Madurai,2023-04-18,19:00,Rain,Expressway,1.0,1,3.0,22.2772,77.7134
Delhi,Dwarka,2023-09-27,18:30,Fog,Expressway,4.0,3,3.0,20.9706,83.6384
Maharashtra,Mumbai,2023-01-01,3:00,Storm,highway ,1.0,3,,16.3171,86.0755
Delhi,Rohini,2024-02-17,20:15,Clear,highway ,2.0,1,0.0,12.9368,80.6766
Andhra Pradesh,Vijayawada,2023-12-18,10:30,foggy,highway ,1.0,2,1.0,24.6178,82.69
Bihar,Patna,2023-11-27,4:45,Fog,highway ,4.0,0,0.0,17.2511,81.7742
Andhra Pradesh,Visakhapatnam,2023-10-17,23:30,Clear,city road,3.0,1,0.0,21.5716,85.0923
Andhra Pradesh,Visakhapatnam,2023-07-12,20:15,foggy,city road,1.0,0,,22.1788,85.6422
UP,Lucknow,2023-09-12,7:30,Storm,National Highway,2.0,1,0.0,25.4368,81.2222
Telangana,Warangal,2023-09-17,0:45,Fog,city road,3.0,4,2.0,14.9516,80.9846
Telangana,nizamabad,2023-12-13,4:15,Clear,rural road,4.0,2,0.0,16.7796,87.3475
Telangana,Warangal,2023-08-28,1:00,clear ,Highway,3.0,1,0.0,25.9637,86.2613
Bihar,Bhagalpur,2023-03-02,8:15,,National Highway,1.0,2,0.0,19.331,82.3127
Delhi,Dwarka,2023-03-14,22:30,Heavy Rain,city road,1.0,1,,18.9896,85.0246
Andhra Pradesh,Vijayawada,2023-07-16,1:00,foggy,rural road,2.0,1,1.0,21.7636,78.4889
Delhi,Dwarka,2023-06-20,6:00,Storm,Expressway,2.0,2,2.0,27.3058,77.7585
Bihar,Gaya,2023-04-29,7:15,clear ,National Highway,4.0,1,0.0,16.1873,79.7168
Bihar,Patna,2023-02-03,15:00,RAIN,rural road,4.0,1,1.0,16.3512,85.3534
UP,Varanasi,2024-02-12,3:30,Rain,National Highway,4.0,3,0.0,13.0459,82.3633
UP,Lucknow,2023-06-24,6:45,foggy,Expressway,3.0,0,1.0,17.5575,86.8982
Bihar,Patna,2023-10-31,19:45,RAIN,Expressway,1.0,2,1.0,26.9892,77.5748
UP,Kanpur,2023-09-11,20:00,Rain,city road,,0,0.0,23.6931,87.7943
Karnataka,Mysuru,2023-09-30,9:45,Storm,city road,2.0,2,0.0,15.1696,83.2186
UP,Varanasi,2024-04-13,11:00,Clear,Expressway,4.0,2,0.0,21.7364,80.8446
Andhra Pradesh,Visakhapatnam,2023-02-26,9:00,Heavy Rain,rural road,4.0,1,0.0,25.6099,83.1735
Karnataka,Mysuru,2023-03-13,6:45,RAIN,rural road,,0,1.0,25.7622,84.951
Karnataka,Mangalore,2024-03-29,15:45,Fog,Highway,2.0,2,0.0,20.6966,77.899
UP,varanasi,2023-04-03,14:45,Storm,rural road,3.0,0,1.0,14.6524,87.4027
Maharashtra,Pune,2024-04-19,17:30,Clear,Highway,4.0,2,1.0,19.3967,81.5294
Maharashtra,Pune,2023-09-22,2:00,Heavy Rain,rural road,1.0,2,3.0,12.9964,82.6375
Andhra Pradesh,Tirupati,2023-08-21,16:45,RAIN,rural road,3.0,1,2.0,12.8313,85.6491
Maharashtra,Nagpur,2024-02-06,18:30,Clear,highway ,4.0,1,0.0,14.6353,80.6324
Andhra Pradesh,Visakhapatnam,2023-09-06,2:15,Rain,National Highway,,2,2.0,15.2781,86.6561
Karnataka,Mangalore,2024-01-14,4:45,RAIN,city road,3.0,1,,27.7598,85.4921
Telangana,Hyderabad,2023-11-01,4:45,foggy,rural road,2.0,3,0.0,20.6192,82.4759
Andhra Pradesh,Visakhapatnam,2024-01-22,3:00,Fog,rural road,4.0,2,0.0,25.1537,81.1846
UP,Kanpur,2023-05-15,4:45,Clear,National Highway,4.0,2,0.0,16.5942,85.7214
Delhi,Dwarka,2023-11-09,20:30,RAIN,National Highway,3.0,4,2.0,24.7666,81.3557
Tamil Nadu,madurai,2023-12-11,18:15,RAIN,,2.0,2,1.0,14.5273,84.6549
Telangana,Nizamabad,2023-08-17,11:15,,National Highway,2.0,1,2.0,25.7149,86.9676
Tamil Nadu,Madurai,2023-11-23,3:00,Rain,Expressway,2.0,1,0.0,14.9476,86.8339
Telangana,Nizamabad,2023-04-05,8:30,Storm,highway ,1.0,0,1.0,19.0452,83.7683
Delhi,Dwarka,2023-03-24,2:30,Clear,,4.0,2,2.0,27.474,81.5954
Bihar,Patna,2023-11-09,12:15,Storm,Highway,2.0,0,1.0,26.1108,81.7024
Maharashtra,Mumbai,2023-01-18,2:00,clear ,rural road,1.0,3,3.0,23.5097,86.7928
Maharashtra,Mumbai,2023-12-25,10:45,Clear,Expressway,4.0,2,0.0,14.9986,86.4399
Tamil Nadu,Chennai,2023-07-16,22:45,Rain,Expressway,3.0,2,2.0,23.3639,80.4579
Delhi,Rohini,2024-03-12,10:00,Storm,,2.0,3,0.0,19.3482,80.9358
Telangana,Nizamabad,2023-12-19,11:45,Rain,highway ,4.0,3,0.0,17.3633,78.9114
Bihar,Gaya,2023-02-02,17:30,Storm,,4.0,3,1.0,13.6102,79.6386
UP,Lucknow,2023-04-19,20:45,Fog,,2.0,1,0.0,19.2056,85.2371
Andhra Pradesh,Guntur,2023-12-26,20:15,Clear,city road,1.0,3,2.0,17.638,86.2559
Telangana,Hyderabad,2023-02-28,15:15,Rain,city road,4.0,2,0.0,22.1463,78.3889
Karnataka,Mysuru,2024-03-04,6:00,Fog,National Highway,1.0,0,2.0,22.9812,77.7661
Bihar,Patna,2024-04-18,18:00,Fog,,,2,0.0,15.6349,86.2075
Telangana,Nizamabad,2023-11-30,18:30,foggy,highway ,4.0,3,0.0,23.1064,82.6392
Karnataka,Mangalore,2023-12-21,1:15,Storm,Expressway,,0,0.0,12.531,80.3434
Telangana,Nizamabad,2024-05-15,3:30,Heavy Rain,rural road,2.0,2,1.0,25.9393,85.4267
Bihar,Gaya,2023-04-01,5:00,Clear,highway ,3.0,2,2.0,16.1646,86.9791
Andhra Pradesh,Vijayawada,2024-01-15,1:15,Fog,Highway,4.0,2,2.0,13.7758,81.9176
UP,Lucknow,2024-01-18,21:30,Heavy Rain,Highway,3.0,3,0.0,20.7464,81.1844
Telangana,Warangal,2023-10-27,15:00,foggy,city road,2.0,1,0.0,23.8385,87.0988
Delhi,Dwarka,2023-04-14,10:15,Clear,highway ,1.0,2,0.0,16.6755,87.0185
Tamil Nadu,Coimbatore,2023-11-06,5:15,Heavy Rain,Highway,4.0,2,1.0,12.2881,87.5909
Maharashtra,Mumbai,2024-01-09,13:15,Heavy Rain,National Highway,4.0,0,2.0,25.2703,80.0967
Andhra Pradesh,Tirupati,2023-01-23,1:45,Clear,rural road,4.0,2,2.0,13.5446,79.6608
Andhra Pradesh,Tirupati,2024-05-01,6:15,RAIN,National Highway,2.0,1,0.0,16.8202,83.5819
Andhra Pradesh,Tirupati,2023-08-26,4:45,Fog,,4.0,0,0.0,23.8911,77.5296
Andhra Pradesh,Visakhapatnam,2023-08-07,8:15,Rain,,3.0,3,2.0,26.2768,79.0386
Telangana,Warangal,2023-07-07,14:00,RAIN,National Highway,2.0,1,0.0,24.7133,77.3814
Delhi,New Delhi,2023-10-04,3:45,Heavy Rain,highway ,2.0,2,2.0,13.0183,86.1451
Delhi,Dwarka,2023-08-20,15:00,Storm,highway ,3.0,0,1.0,13.5017,87.0059
Telangana,Hyderabad,2024-04-01,14:00,Rain,rural road,2.0,3,1.0,26.0637,83.2895
Bihar,Patna,2024-03-23,6:00,clear ,rural road,,1,1.0,17.0711,81.7806
Andhra Pradesh,Guntur,2024-03-03,16:30,foggy,Expressway,3.0,2,2.0,26.2804,81.8772
Bihar,Gaya,2023-06-05,18:15,clear ,city road,3.0,3,2.0,21.4672,84.729
Maharashtra,Pune,2024-05-04,5:15,clear ,city road,2.0,2,0.0,13.6676,81.2296
Andhra Pradesh,Visakhapatnam,2023-10-22,4:45,clear ,National Highway,2.0,4,0.0,27.2085,83.6072
Bihar,Bhagalpur,2024-05-14,5:30,Rain,Highway,4.0,2,2.0,22.1457,77.7803
Delhi,Rohini,2023-12-28,9:45,clear ,Expressway,2.0,1,0.0,19.5599,77.5021
Bihar,Patna,2023-03-13,21:00,clear ,Highway,4.0,1,0.0,27.5445,80.6448
Tamil Nadu,Madurai,2023-09-27,7:30,Heavy Rain,Highway,1.0,0,0.0,21.7725,80.0875
Tamil Nadu,Coimbatore,2023-06-12,19:00,RAIN,rural road,,2,0.0,12.0881,77.0843
Maharashtra,Pune,2024-03-23,17:00,Heavy Rain,highway ,4.0,1,0.0,24.8414,83.2925
UP,Varanasi,2024-04-03,13:15,Rain,city road,2.0,0,1.0,26.9081,81.3672
UP,Lucknow,2023-01-04,13:30,foggy,city road,4.0,2,0.0,13.8214,80.7975
Bihar,Patna,2024-02-26,9:30,Storm,Expressway,4.0,3,1.0,19.8967,84.7248
Bihar,patna,2023-12-01,21:30,foggy,city road,4.0,1,0.0,18.7493,81.5212
Telangana,Nizamabad,2024-01-17,11:45,foggy,National Highway,4.0,2,,21.7265,80.4031
Maharashtra,Mumbai,2023-10-25,1:15,RAIN,,2.0,1,1.0,16.1217,77.6548
Andhra Pradesh,Visakhapatnam,2023-05-30,16:00,Heavy Rain,highway ,2.0,3,1.0,13.8318,81.2222
Maharashtra,Pune,2023-12-17,22:30,Rain,,3.0,0,0.0,13.9364,81.6084
Delhi,New Delhi,2023-02-22,6:15,Heavy Rain,city road,1.0,1,,13.2829,80.9025
Delhi,Dwarka,2023-12-20,11:15,Storm,Expressway,3.0,2,1.0,22.8587,80.9811
Karnataka,Mangalore,2023-04-27,9:15,Heavy Rain,city road,,1,1.0,22.1775,87.0462
UP,Lucknow,2023-04-11,3:00,Clear,,,3,1.0,23.5836,78.3261
Telangana,Nizamabad,2023-04-16,18:15,,highway ,3.0,0,1.0,12.1873,81.6424
Delhi,New Delhi,2024-03-13,16:15,Rain,Highway,1.0,1,0.0,21.2352,77.4811
Andhra Pradesh,Vijayawada,2024-04-18,6:45,RAIN,highway ,2.0,2,0.0,17.4907,85.0209
Tamil Nadu,Madurai,2023-04-27,13:00,RAIN,Highway,4.0,3,1.0,23.0799,81.7292
Andhra Pradesh,Vijayawada,2023-06-17,15:00,foggy,National Highway,4.0,0,1.0,16.901,85.6788
Maharashtra,Pune,2023-04-07,2:45,RAIN,city road,1.0,3,0.0,25.1588,86.4332
Telangana,Hyderabad,2023-03-15,12:45,,highway ,2.0,1,1.0,17.1019,83.4042
Telangana,Hyderabad,2024-03-05,13:45,clear ,highway ,3.0,3,0.0,23.2894,84.5725
UP,Kanpur,2023-09-19,8:15,Storm,Highway,1.0,0,0.0,18.8885,78.5685
Andhra Pradesh,Vijayawada,2023-09-13,21:00,Fog,rural road,3.0,1,1.0,14.4714,77.2799
Bihar,Gaya,2023-04-14,9:45,Storm,Expressway,,3,2.0,17.4497,77.7888
UP,Lucknow,2023-07-16,14:30,,rural road,4.0,0,0.0,22.8339,83.6636
Karnataka,Mysuru,2023-08-09,4:30,foggy,rural road,1.0,0,0.0,27.8086,81.994
Karnataka,Mangalore,2023-01-29,12:30,Storm,Expressway,4.0,1,,19.7694,77.3029
Andhra Pradesh,Guntur,2024-03-04,11:30,Clear,highway ,3.0,2,1.0,18.1473,77.429
Tamil Nadu,Chennai,2023-05-01,20:30,Rain,highway ,1.0,1,,14.5604,77.2569
UP,Varanasi,2023-09-21,13:30,Clear,highway ,4.0,1,2.0,16.6279,86.9009
Bihar,Patna,2023-12-20,21:15,RAIN,rural road,3.0,2,0.0,21.6471,86.0938
Telangana,Nizamabad,2023-04-20,9:30,Clear,National Highway,4.0,1,1.0,18.1682,80.7443
Delhi,Dwarka,2023-02-04,18:45,foggy,city road,3.0,0,1.0,20.8594,82.9588
Delhi,New Delhi,2023-08-01,12:30,Storm,highway ,2.0,2,1.0,19.0471,80.3257
Bihar,Gaya,2024-04-24,20:45,Clear,Expressway,2.0,1,0.0,12.9224,80.7669
UP,Kanpur,2023-06-13,2:15,foggy,National Highway,3.0,0,1.0,21.2875,78.5312
Tamil Nadu,Chennai,2023-05-06,9:45,Storm,Expressway,4.0,4,,19.8224,81.4196
Maharashtra,Nagpur,2023-10-09,5:00,Storm,Highway,1.0,3,2.0,21.9306,79.2144
UP,Kanpur,2023-12-10,21:00,foggy,highway ,2.0,1,0.0,19.6087,82.9733
Maharashtra,Pune,2024-03-28,2:15,Rain,National Highway,3.0,2,1.0,20.5342,86.5697
Tamil Nadu,Chennai,2023-02-24,5:15,clear ,rural road,4.0,2,0.0,13.9971,85.7363
Delhi,Rohini,2023-08-05,15:15,clear ,city road,3.0,2,0.0,27.1047,78.6368
Andhra Pradesh,Vijayawada,2023-12-20,21:15,clear ,Expressway,4.0,2,0.0,19.7345,86.499
Tamil Nadu,Coimbatore,2023-07-18,0:45,clear ,National Highway,1.0,0,2.0,16.5725,79.2355
Bihar,Bhagalpur,2023-06-12,20:45,Clear,National Highway,1.0,1,2.0,20.1804,82.4156
UP,Lucknow,2024-02-27,5:30,Rain,National Highway,4.0,3,,27.6918,81.4834
Andhra Pradesh,Guntur,2023-11-19,14:15,Clear,rural road,2.0,2,1.0,21.1765,87.5165
Karnataka,Mangalore,2023-12-18,13:30,Storm,rural road,2.0,1,0.0,25.6634,81.8306
UP,Kanpur,2023-04-04,12:45,Heavy Rain,Highway,1.0,2,1.0,22.0255,87.1902
Tamil Nadu,Coimbatore,2023-12-26,5:00,foggy,Expressway,4.0,1,0.0,23.0036,84.9498
Andhra Pradesh,Tirupati,2024-01-31,14:45,Rain,city road,2.0,1,1.0,16.7903,80.9459
Karnataka,Mysuru,2024-03-14,6:15,clear ,highway ,2.0,1,1.0,15.3713,87.5319
Bihar,Patna,2023-07-09,18:45,Rain,Highway,4.0,3,1.0,16.7139,77.1575
UP,Varanasi,2023-11-02,8:00,,Expressway,1.0,2,1.0,23.8476,78.5714
Andhra Pradesh,vijayawada,2023-05-10,16:45,clear ,rural road,3.0,2,1.0,22.5366,85.4273
Bihar,gaya,2024-03-25,14:15,Rain,National Highway,4.0,2,2.0,13.4177,82.3639
Maharashtra,Nagpur,2023-07-04,13:30,clear ,Expressway,3.0,1,0.0,18.5137,77.7261
Karnataka,Mangalore,2024-03-12,21:45,,city road,2.0,1,0.0,24.9318,87.4246
Telangana,Warangal,2023-01-21,14:30,Storm,rural road,4.0,0,1.0,13.2298,82.5069
Maharashtra,Mumbai,2024-03-03,5:30,Heavy Rain,Expressway,1.0,2,1.0,12.8036,77.8019
Telangana,Warangal,2023-01-14,9:00,foggy,National Highway,1.0,0,0.0,15.7181,80.091
Bihar,Bhagalpur,2024-05-04,8:00,RAIN,Highway,4.0,2,0.0,17.1439,82.2408
Tamil Nadu,Chennai,2024-02-15,20:30,RAIN,Highway,1.0,2,0.0,27.6637,83.6384
UP,Lucknow,2023-01-11,6:15,foggy,rural road,3.0,3,0.0,13.9667,86.7752
Maharashtra,Nagpur,2023-11-05,4:30,Rain,National Highway,2.0,1,1.0,21.3738,83.8726
UP,Kanpur,2023-11-11,5:45,foggy,Highway,1.0,2,0.0,15.8709,84.8535
Bihar,Bhagalpur,2023-11-19,20:00,,rural road,4.0,2,1.0,20.84,82.7219
Maharashtra,Mumbai,2023-09-25,13:30,Clear,Expressway,1.0,2,0.0,16.3426,82.4636
Maharashtra,Pune,2023-05-11,18:00,Clear,Highway,4.0,1,0.0,22.0729,77.5977
Maharashtra,Pune,2023-10-28,23:45,Storm,Expressway,3.0,1,2.0,12.0022,82.6224
Maharashtra,Nagpur,2023-02-24,13:00,,rural road,1.0,1,1.0,25.4294,77.042
Bihar,Gaya,2023-11-13,19:30,foggy,,,2,0.0,17.0603,78.1208
Andhra Pradesh,Guntur,2023-09-04,20:15,Heavy Rain,rural road,2.0,0,0.0,25.4834,80.4468
Karnataka,Mangalore,2023-12-26,14:45,Storm,Highway,4.0,2,1.0,18.9411,87.0094
Andhra Pradesh,Vijayawada,2023-11-19,22:45,,rural road,3.0,2,0.0,13.4286,84.5572
Bihar,Patna,2024-01-01,1:00,foggy,Expressway,3.0,0,0.0,22.1234,84.7424
Delhi,Dwarka,2023-12-24,13:00,Fog,National Highway,2.0,3,2.0,27.4568,85.3714
Bihar,Patna,2024-03-28,9:45,foggy,highway ,3.0,2,1.0,16.7688,78.159
Telangana,Nizamabad,2023-09-05,4:15,Heavy Rain,city road,4.0,2,2.0,12.771,80.9606
Andhra Pradesh,Vijayawada,2023-07-03,8:30,Fog,city road,1.0,2,1.0,18.9237,82.0347
Bihar,Gaya,2023-06-24,11:00,clear ,city road,1.0,1,0.0,17.917,77.5759
Telangana,Hyderabad,2024-02-05,19:00,Clear,Expressway,1.0,1,2.0,25.1549,86.3538
Bihar,Bhagalpur,2023-09-13,23:00,Fog,highway ,3.0,2,0.0,19.5565,86.6817
Andhra Pradesh,Guntur,2024-03-03,15:30,clear ,Expressway,2.0,2,0.0,21.724,80.2483
Karnataka,Mangalore,2023-08-04,7:15,foggy,rural road,4.0,2,0.0,23.8176,80.4719
Bihar,Patna,2024-01-30,0:00,Rain,National Highway,3.0,0,,23.4113,79.1914
Karnataka,Mangalore,2023-01-30,20:30,foggy,rural road,3.0,1,1.0,17.8846,77.639
Karnataka,Mangalore,2023-07-26,14:15,Storm,highway ,3.0,2,0.0,16.2815,86.1903
Andhra Pradesh,Visakhapatnam,2023-07-19,23:15,clear ,city road,1.0,1,,19.8858,81.4472
Maharashtra,Mumbai,2024-03-02,9:45,Rain,highway ,1.0,4,1.0,12.1588,82.105
Telangana,Warangal,2023-06-02,18:00,Storm,National Highway,2.0,2,1.0,22.8407,80.4305
Tamil Nadu,Coimbatore,2023-06-03,9:15,foggy,Expressway,2.0,2,1.0,20.3407,87.7362
Karnataka,Mangalore,2023-08-06,13:00,Rain,Highway,4.0,2,1.0,13.9233,79.9214
UP,Kanpur,2023-10-27,15:45,Storm,highway ,4.0,2,2.0,17.5695,81.0891
Bihar,Patna,2024-05-10,22:00,,rural road,4.0,2,1.0,25.553,77.2595
UP,Lucknow,2023-03-03,11:30,Clear,Expressway,2.0,2,,24.486,82.038
Karnataka,Bengaluru,2024-02-06,18:45,Clear,National Highway,3.0,0,0.0,13.0511,79.5106
Andhra Pradesh,Tirupati,2023-09-04,18:30,Storm,National Highway,4.0,1,0.0,23.9591,82.2119
Bihar,Gaya,2023-12-08,14:15,RAIN,Highway,4.0,2,1.0,27.4043,77.8317
Bihar,Bhagalpur,2023-05-23,20:00,Fog,highway ,1.0,0,0.0,15.1333,78.5488
Telangana,Hyderabad,2024-05-04,19:00,Heavy Rain,rural road,,3,1.0,21.2528,78.6166
Tamil Nadu,Madurai,2024-03-05,18:45,Rain,,,2,2.0,18.2107,84.4154
UP,Lucknow,2024-03-16,16:30,foggy,National Highway,1.0,1,0.0,26.6798,80.1955
Telangana,Hyderabad,2023-06-07,13:15,Clear,Expressway,3.0,3,0.0,23.3235,77.6842
Delhi,Dwarka,2023-07-12,3:00,Heavy Rain,city road,2.0,0,3.0,14.1484,87.5373
Bihar,Bhagalpur,2023-07-28,2:45,Clear,,2.0,0,1.0,20.0097,84.4758
Karnataka,Mysuru,2023-10-18,13:45,Rain,highway ,2.0,1,0.0,24.9114,82.0563
UP,Varanasi,2023-08-20,1:00,Storm,Expressway,3.0,0,2.0,12.7024,78.8232
Maharashtra,Nagpur,2023-07-14,11:15,clear ,Highway,2.0,0,0.0,12.7997,86.2801
Karnataka,Mangalore,2023-10-12,8:45,Heavy Rain,Expressway,3.0,1,1.0,27.37,79.1662
Maharashtra,Mumbai,2023-12-06,10:30,,rural road,,0,1.0,18.9919,83.5292
Andhra Pradesh,Guntur,2023-07-31,17:45,foggy,Expressway,1.0,2,0.0,27.6988,79.0912
Bihar,Bhagalpur,2023-03-05,11:45,RAIN,rural road,2.0,2,1.0,24.117,78.7784
Tamil Nadu,Coimbatore,2023-01-05,7:00,clear ,highway ,3.0,4,0.0,15.9574,84.0468
Bihar,Gaya,2023-01-19,8:45,Heavy Rain,Highway,2.0,0,1.0,21.0414,85.4879
Karnataka,Mangalore,2023-04-10,21:15,Rain,Expressway,2.0,1,0.0,12.1446,80.9273
Maharashtra,Mumbai,2024-03-10,21:00,,highway ,4.0,0,1.0,17.1467,86.3285
Delhi,dwarka,2024-03-08,13:30,Rain,highway ,4.0,1,,18.8592,77.3209
UP,varanasi,2023-08-18,10:00,foggy,city road,3.0,4,0.0,13.896,80.1777
UP,lucknow,2024-04-14,7:15,,National Highway,3.0,2,,27.8921,77.494
Delhi,Dwarka,2023-05-07,3:45,Heavy Rain,National Highway,1.0,1,2.0,18.2793,85.2969
Bihar,Patna,2023-11-17,14:00,Rain,Highway,1.0,0,2.0,24.6008,79.761
Bihar,Patna,2023-06-04,19:45,Rain,Highway,1.0,0,1.0,22.5061,79.6444
Tamil Nadu,Madurai,2024-02-08,21:00,Storm,rural road,4.0,2,0.0,15.5336,77.4282
Andhra Pradesh,Tirupati,2023-09-22,10:15,Rain,,1.0,1,1.0,27.2073,83.3978
Maharashtra,Pune,2023-08-04,15:45,Fog,,2.0,4,0.0,20.2672,85.3465
Delhi,Dwarka,2023-10-26,17:15,Fog,rural road,3.0,0,0.0,26.3055,87.411
Karnataka,Bengaluru,2023-05-02,16:00,foggy,National Highway,2.0,1,1.0,24.4858,82.2397
Bihar,Bhagalpur,2023-12-21,14:30,RAIN,Expressway,3.0,0,,21.4581,79.0475
Tamil Nadu,Chennai,2023-11-24,7:15,Storm,Expressway,2.0,3,0.0,15.3132,77.7827
Tamil Nadu,Coimbatore,2023-04-05,0:30,,Highway,3.0,1,1.0,24.9741,86.1941
Delhi,New Delhi,2024-05-14,0:15,Heavy Rain,National Highway,2.0,3,0.0,24.338,84.2012
Tamil Nadu,Chennai,2023-04-01,8:00,Clear,highway ,2.0,0,1.0,18.8037,77.4133
Tamil Nadu,Coimbatore,2024-02-19,11:15,foggy,highway ,1.0,2,0.0,12.0002,81.5822
Delhi,Dwarka,2023-11-03,13:15,Clear,Expressway,2.0,1,1.0,27.5693,79.4874
Maharashtra,Mumbai,2024-03-11,16:45,Heavy Rain,highway ,1.0,0,0.0,15.6867,77.0162
Delhi,Dwarka,2023-09-23,14:15,RAIN,highway ,3.0,2,0.0,23.8703,86.3327
Andhra Pradesh,Guntur,2023-04-23,6:45,Heavy Rain,rural road,2.0,0,0.0,17.2047,84.8388
Telangana,Hyderabad,2024-01-20,2:30,Storm,,3.0,1,1.0,17.9351,86.9213
UP,Kanpur,2023-07-08,15:30,clear ,rural road,1.0,1,2.0,21.4502,84.2712
Telangana,Warangal,2024-04-19,7:00,,Highway,3.0,2,0.0,23.3491,78.8405
Maharashtra,Mumbai,2023-12-28,19:15,clear ,Highway,3.0,2,2.0,27.2355,77.4666
Andhra Pradesh,Tirupati,2023-12-01,16:15,foggy,city road,2.0,2,0.0,16.745,84.8587
Bihar,Bhagalpur,2024-02-21,14:30,Rain,National Highway,2.0,1,1.0,20.2217,82.5978
Andhra Pradesh,Visakhapatnam,2023-03-13,18:15,clear ,highway ,1.0,2,0.0,25.2401,84.6693
UP,Varanasi,2023-10-03,9:30,Clear,Expressway,1.0,1,2.0,26.7359,84.6405
UP,Kanpur,2023-04-15,12:00,foggy,city road,4.0,2,1.0,16.3851,85.8778
Telangana,Nizamabad,2023-10-11,5:00,Storm,Highway,2.0,1,0.0,17.3698,87.7638
Telangana,Warangal,2023-01-30,11:00,Fog,National Highway,4.0,2,1.0,23.6329,83.1828
UP,Lucknow,2023-03-08,6:30,foggy,highway ,4.0,1,1.0,18.0883,78.7934
Bihar,Gaya,2023-04-14,0:15,Storm,Highway,4.0,2,1.0,18.1497,77.2771
Bihar,Bhagalpur,2023-01-21,23:00,clear ,highway ,4.0,0,0.0,23.2779,85.9884
Karnataka,Mysuru,2023-05-08,5:45,Storm,rural road,2.0,2,1.0,12.8267,82.5528
Karnataka,Mysuru,2024-03-27,20:30,Rain,highway ,2.0,2,1.0,14.8681,85.8
Telangana,nizamabad,2024-01-28,10:45,Storm,,3.0,0,2.0,14.1074,86.5183
Bihar,Gaya,2023-06-25,23:45,,rural road,1.0,1,0.0,16.6407,86.5856
Bihar,Gaya,2023-02-04,2:15,Storm,city road,,3,1.0,16.0075,83.8736
Maharashtra,Mumbai,2023-10-01,23:45,Fog,Highway,1.0,3,,26.4974,77.1337
Tamil Nadu,coimbatore,2023-12-23,1:00,foggy,highway ,3.0,1,1.0,20.7817,80.164
Tamil Nadu,Coimbatore,2024-04-10,7:15,,,4.0,0,0.0,21.9407,80.6745
Telangana,Nizamabad,2023-03-27,23:15,Clear,rural road,1.0,1,2.0,13.0937,85.6214
UP,Kanpur,2023-03-03,7:15,Rain,National Highway,3.0,1,0.0,22.9671,80.657
Telangana,Nizamabad,2024-02-22,8:30,Clear,Highway,2.0,1,0.0,27.1112,84.0591
Karnataka,Mysuru,2024-05-06,3:30,foggy,highway ,2.0,3,2.0,15.1839,81.6017
Bihar,patna,2023-06-21,0:45,foggy,Expressway,,1,1.0,16.4456,80.0395
Telangana,Warangal,2023-05-02,23:45,,Expressway,1.0,2,0.0,13.08,82.7057
Andhra Pradesh,guntur,2024-04-17,23:45,RAIN,city road,3.0,1,0.0,23.8062,84.7501
Maharashtra,Mumbai,2023-04-28,23:30,RAIN,city road,2.0,0,0.0,18.3618,79.907
Tamil Nadu,Madurai,2024-03-22,12:30,,rural road,1.0,1,0.0,16.2965,80.1621
Tamil Nadu,Chennai,2023-02-16,5:15,Heavy Rain,Expressway,1.0,2,1.0,21.6582,77.8468
Tamil Nadu,Coimbatore,2023-05-27,18:45,Heavy Rain,National Highway,4.0,1,0.0,21.5847,83.8601
UP,Lucknow,2024-02-24,15:00,foggy,rural road,1.0,0,1.0,12.2418,87.6152
Maharashtra,Pune,2023-08-26,9:45,,rural road,4.0,2,0.0,23.3061,83.7101
Andhra Pradesh,Visakhapatnam,2023-09-09,12:45,foggy,highway ,3.0,0,0.0,21.5627,86.5271
Telangana,Warangal,2024-04-22,18:15,Heavy Rain,rural road,3.0,2,1.0,15.2421,83.4634
Delhi,Rohini,2023-01-30,20:45,foggy,,2.0,3,2.0,18.5304,77.1693
Karnataka,Mysuru,2023-11-06,14:15,,city road,2.0,0,1.0,19.2041,87.5334
Telangana,Nizamabad,2024-04-10,6:45,Fog,rural road,3.0,3,0.0,15.0166,84.3971
UP,Varanasi,2024-03-21,2:00,RAIN,city road,3.0,1,0.0,13.482,85.2322
Bihar,Patna,2023-02-19,2:45,foggy,highway ,3.0,1,1.0,16.1394,81.7784
Karnataka,Mangalore,2024-04-30,3:45,,city road,2.0,4,2.0,22.203,79.6622
UP,Kanpur,2023-11-17,19:00,Fog,Highway,,1,1.0,15.1883,86.6522
Bihar,bhagalpur,2024-01-25,3:00,Clear,National Highway,1.0,1,0.0,16.3329,79.7232
UP,Varanasi,2023-09-24,8:45,Storm,National Highway,4.0,1,0.0,23.7237,83.674
Delhi,Rohini,2023-07-24,12:00,,National Highway,1.0,1,1.0,27.2239,86.2234
Andhra Pradesh,Vijayawada,2024-03-20,16:30,Heavy Rain,National Highway,4.0,2,1.0,26.9234,82.9868
Delhi,New Delhi,2023-11-21,11:00,RAIN,highway ,4.0,2,0.0,23.8861,85.1171
Bihar,Bhagalpur,2024-03-14,22:00,foggy,National Highway,2.0,1,1.0,17.9378,87.1284
Andhra Pradesh,Guntur,2023-09-12,2:30,Storm,city road,4.0,3,3.0,16.3017,81.0529
Telangana,Hyderabad,2023-08-11,22:00,Fog,National Highway,4.0,2,1.0,24.5982,81.9978
Telangana,Nizamabad,2023-03-11,17:45,Rain,highway ,3.0,0,1.0,23.2874,81.7036
UP,Varanasi,2024-01-16,23:45,foggy,city road,2.0,4,0.0,26.9805,77.7041
Tamil Nadu,Madurai,2024-04-27,3:30,Fog,,4.0,1,1.0,19.1027,77.241
UP,Kanpur,2024-01-30,11:15,,Highway,4.0,2,0.0,12.8988,82.4021
Tamil Nadu,Coimbatore,2023-12-15,14:15,clear ,city road,1.0,1,2.0,22.4828,79.8626
Bihar,Bhagalpur,2024-02-29,6:45,,highway ,4.0,1,0.0,13.1279,79.0421
Tamil Nadu,Madurai,2024-01-12,1:15,Storm,highway ,4.0,2,,25.026,84.5365
UP,Kanpur,2023-08-05,21:45,,rural road,4.0,1,0.0,16.9569,79.7495
UP,Lucknow,2023-03-09,10:00,clear ,rural road,2.0,5,2.0,17.7102,80.8917
Tamil Nadu,Madurai,2023-11-30,0:30,Rain,highway ,2.0,2,1.0,16.9247,87.0517
Delhi,Dwarka,2023-04-02,1:00,RAIN,Expressway,4.0,1,1.0,17.6708,82.562
Bihar,Gaya,2023-12-19,19:15,foggy,highway ,1.0,1,0.0,20.8539,82.5345
Delhi,New Delhi,2023-03-03,3:00,,rural road,2.0,2,0.0,22.8311,86.217
Karnataka,Mysuru,2023-09-05,20:45,clear ,,2.0,2,1.0,19.0274,83.716
Andhra Pradesh,Tirupati,2023-10-12,17:45,Rain,Expressway,1.0,2,0.0,14.8681,84.6334
Karnataka,Bengaluru,2023-10-12,14:30,Rain,Highway,2.0,1,0.0,14.6446,77.0219
Telangana,Hyderabad,2023-09-17,9:30,Fog,,1.0,3,1.0,20.2389,78.775
Bihar,patna,2023-10-23,15:30,RAIN,Expressway,2.0,1,0.0,13.6855,79.446
Tamil Nadu,Chennai,2023-11-05,17:15,RAIN,National Highway,2.0,4,1.0,15.9256,77.6351
Karnataka,Mysuru,2023-08-22,2:30,foggy,highway ,2.0,0,0.0,15.5129,87.5585
Tamil Nadu,madurai,2023-07-10,18:15,foggy,city road,3.0,3,3.0,18.6524,81.7184
Telangana,Nizamabad,2023-02-26,21:45,Rain,National Highway,1.0,4,1.0,23.2343,78.8886
Andhra Pradesh,Vijayawada,2023-07-13,7:45,Rain,Highway,2.0,1,1.0,25.9284,83.9456
Delhi,Rohini,2023-10-20,9:30,Rain,Highway,2.0,0,1.0,21.6902,78.2892
UP,Kanpur,2023-10-31,4:30,Clear,highway ,2.0,0,0.0,23.0732,79.2688
Delhi,Rohini,2024-02-03,7:45,Storm,city road,4.0,3,0.0,15.2691,82.5859
Tamil Nadu,Coimbatore,2023-11-22,2:30,foggy,National Highway,1.0,1,0.0,24.6841,77.7595
Telangana,Nizamabad,2023-05-27,17:45,Clear,rural road,2.0,5,0.0,22.0548,84.5749
UP,Lucknow,2023-11-12,6:00,foggy,highway ,3.0,2,2.0,25.3779,86.0353
Andhra Pradesh,Tirupati,2024-05-08,5:15,Fog,Highway,3.0,1,2.0,17.3381,85.7071
Delhi,new delhi,2023-06-23,21:15,Rain,National Highway,3.0,0,0.0,25.6796,86.7082
Maharashtra,Nagpur,2023-09-21,1:45,,Highway,3.0,1,0.0,18.2052,85.8389
Karnataka,Mysuru,2023-07-01,0:00,foggy,rural road,2.0,1,1.0,13.0716,86.6509
Karnataka,Mangalore,2023-05-09,7:45,foggy,National Highway,3.0,3,1.0,27.4891,77.7322
Bihar,Patna,2023-03-13,11:45,Clear,National Highway,2.0,1,1.0,18.0075,85.842
Andhra Pradesh,Guntur,2023-12-08,6:45,clear ,Highway,4.0,0,1.0,15.5218,80.8557
UP,Varanasi,2024-01-07,23:45,Fog,Highway,,1,0.0,17.9132,82.1066
Andhra Pradesh,Visakhapatnam,2023-08-08,19:00,foggy,rural road,3.0,3,2.0,23.3403,77.092
Karnataka,Bengaluru,2023-05-24,3:30,Heavy Rain,highway ,4.0,2,0.0,19.7438,77.0584
Karnataka,Bengaluru,2024-03-13,18:15,Heavy Rain,Highway,2.0,2,,20.7747,77.7311
Tamil Nadu,Chennai,2024-03-18,1:45,foggy,Expressway,3.0,2,2.0,24.5114,85.2692
UP,Varanasi,2023-01-27,9:00,clear ,National Highway,3.0,2,2.0,14.2452,84.3827
Andhra Pradesh,Vijayawada,2023-12-05,23:30,Heavy Rain,National Highway,4.0,3,1.0,14.7181,79.1447
Delhi,Dwarka,2023-02-27,3:00,Fog,National Highway,3.0,2,1.0,26.5317,85.3459
Maharashtra,Mumbai,2023-10-27,12:00,,city road,1.0,4,2.0,26.226,83.3669
Bihar,Patna,2023-02-08,17:30,clear ,highway ,4.0,0,1.0,19.5827,84.8804
Maharashtra,Nagpur,2024-05-14,11:30,Storm,,1.0,0,0.0,17.0212,79.6565
Andhra Pradesh,Guntur,2023-11-03,8:15,clear ,Highway,1.0,1,0.0,26.5254,82.5777
Telangana,Hyderabad,2023-08-13,16:45,foggy,,3.0,0,,25.1493,84.2546
Bihar,Bhagalpur,2023-12-29,23:30,clear ,city road,3.0,1,1.0,23.0777,79.9047
Andhra Pradesh,Guntur,2024-04-27,8:15,clear ,Highway,2.0,2,1.0,17.1922,79.9646
Delhi,Dwarka,2023-02-12,22:30,Fog,,3.0,2,0.0,15.4994,83.5483
Maharashtra,Mumbai,2023-05-12,0:00,foggy,highway ,3.0,3,0.0,25.039,85.5583
Maharashtra,Mumbai,2023-10-25,20:45,Fog,rural road,2.0,1,1.0,13.4142,84.6884
Bihar,Patna,2024-02-22,5:15,Storm,,2.0,0,0.0,12.4984,79.8553
Tamil Nadu,Chennai,2023-03-15,2:45,Heavy Rain,rural road,4.0,2,0.0,12.6237,84.3353
UP,Kanpur,2023-01-11,3:00,Clear,city road,2.0,2,0.0,26.2099,80.5782
Andhra Pradesh,Vijayawada,2023-10-05,23:30,Rain,city road,2.0,2,1.0,15.9841,83.3437
Karnataka,Bengaluru,2023-01-29,17:30,Rain,Highway,1.0,2,1.0,25.7284,87.9739
Tamil Nadu,Chennai,2023-04-27,13:45,Fog,National Highway,3.0,0,0.0,12.3588,80.9647
Telangana,Warangal,2023-03-28,3:15,,National Highway,3.0,2,2.0,17.0044,84.1978
Andhra Pradesh,Guntur,2023-04-02,13:30,Fog,highway ,4.0,2,2.0,24.1968,77.4283
Telangana,Warangal,2024-04-14,15:30,clear ,highway ,1.0,2,2.0,21.0143,83.8708
Karnataka,Mysuru,2023-08-17,23:45,Rain,Highway,4.0,2,2.0,21.2952,87.8975
UP,Kanpur,2023-06-13,15:45,Storm,highway ,4.0,1,2.0,23.3184,81.2815
UP,Kanpur,2023-10-09,15:45,Heavy Rain,rural road,1.0,2,0.0,26.8509,87.2205
Telangana,Hyderabad,2023-07-05,0:15,Clear,National Highway,4.0,2,1.0,15.3862,87.9519
Karnataka,Mysuru,2023-08-24,4:45,,city road,2.0,2,1.0,21.4905,77.5868
Andhra Pradesh,Tirupati,2023-07-10,1:00,,rural road,2.0,4,0.0,22.8405,81.1043
UP,Lucknow,2024-01-27,5:45,Fog,highway ,3.0,4,,23.1542,84.135
Telangana,Hyderabad,2023-01-31,20:00,,Expressway,2.0,1,0.0,22.175,83.5923
Maharashtra,Nagpur,2023-09-14,9:15,foggy,city road,3.0,2,0.0,19.2828,84.3454
Andhra Pradesh,Guntur,2023-07-20,5:00,Storm,rural road,3.0,1,1.0,12.3063,85.5701
UP,Lucknow,2023-05-19,3:00,,National Highway,3.0,3,1.0,25.4105,85.8309
Maharashtra,Mumbai,2023-10-10,6:00,Heavy Rain,National Highway,1.0,2,,19.8159,81.4208
Delhi,New Delhi,2024-04-28,9:00,RAIN,National Highway,4.0,2,0.0,16.4322,87.1344
Telangana,warangal,2023-07-28,23:00,Fog,Highway,4.0,4,2.0,17.6788,77.5719
Telangana,Nizamabad,2023-02-17,22:15,Heavy Rain,highway ,2.0,1,0.0,13.353,83.6753
Delhi,Dwarka,2024-02-07,4:30,,National Highway,4.0,0,1.0,25.8079,86.747
Telangana,Hyderabad,2023-10-18,20:45,Rain,Highway,2.0,2,0.0,16.5843,85.829
Bihar,Patna,2023-08-21,10:15,clear ,city road,1.0,2,1.0,27.5741,82.1151
Maharashtra,Pune,2024-05-15,8:45,,Highway,4.0,1,0.0,27.6055,85.9867
Karnataka,Mysuru,2023-07-07,16:30,RAIN,Highway,4.0,1,0.0,13.1366,79.3187
Andhra Pradesh,Guntur,2023-12-25,17:00,Fog,Highway,3.0,1,0.0,16.297,78.1108
Telangana,Warangal,2023-08-27,14:45,Rain,Highway,2.0,1,0.0,27.5692,85.3522
Delhi,New Delhi,2023-06-12,10:45,Heavy Rain,highway ,4.0,1,1.0,16.4539,85.7812
Tamil Nadu,Coimbatore,2023-10-18,1:45,Clear,National Highway,,0,0.0,15.7201,78.4265
UP,Kanpur,2023-05-10,20:15,Rain,city road,1.0,1,0.0,22.7839,77.6882
Tamil Nadu,Madurai,2024-04-02,8:15,Clear,Highway,4.0,2,0.0,14.3508,80.7691
Bihar,Bhagalpur,2023-12-19,5:45,RAIN,highway ,4.0,1,0.0,16.8387,83.1975
Karnataka,Mysuru,2023-12-07,23:30,Clear,city road,4.0,1,1.0,21.2912,82.5606
Maharashtra,nagpur,2024-01-05,0:45,Fog,highway ,4.0,2,0.0,16.3782,82.3662
Karnataka,Mangalore,2023-07-13,6:30,Heavy Rain,city road,1.0,1,0.0,16.9034,86.0462
Telangana,Nizamabad,2023-09-13,20:45,foggy,rural road,3.0,1,0.0,19.3349,84.9751
Karnataka,Mysuru,2023-08-08,11:15,Fog,Expressway,4.0,4,1.0,24.4328,86.4842
Telangana,Hyderabad,2024-02-17,3:00,Clear,Expressway,4.0,2,0.0,25.4417,87.884
Andhra Pradesh,Visakhapatnam,2024-03-12,13:15,Heavy Rain,rural road,4.0,1,1.0,15.1227,82.3833
Bihar,Gaya,2024-04-09,20:45,Clear,National Highway,2.0,1,2.0,19.7309,86.2205
UP,Varanasi,2023-05-04,0:45,Clear,Highway,1.0,3,0.0,18.5089,80.6106
Delhi,New Delhi,2024-05-06,18:45,Heavy Rain,Expressway,4.0,3,0.0,14.016,79.1606
Karnataka,Mangalore,2023-07-19,23:15,foggy,National Highway,2.0,4,2.0,19.834,84.0922
UP,Varanasi,2024-04-14,8:15,RAIN,city road,1.0,2,,17.9548,84.2783
Telangana,Nizamabad,2023-07-15,0:15,Storm,highway ,3.0,2,0.0,14.9643,80.0651
UP,Kanpur,2023-12-04,1:30,Rain,city road,1.0,1,0.0,25.2114,80.1428
Telangana,Hyderabad,2023-05-25,8:15,Rain,Highway,4.0,0,1.0,17.9928,85.7751
UP,Lucknow,2023-09-07,20:00,Heavy Rain,highway ,4.0,1,0.0,20.9086,86.2963
Andhra Pradesh,Guntur,2023-12-04,18:00,Rain,National Highway,3.0,1,1.0,22.7642,79.4255
Telangana,Hyderabad,2023-11-07,0:00,Fog,city road,3.0,2,0.0,15.9947,79.8957
Karnataka,Mysuru,2023-05-21,15:15,Rain,National Highway,3.0,2,2.0,24.0043,78.6725
Maharashtra,Mumbai,2023-04-12,21:30,foggy,Highway,3.0,0,0.0,13.5004,82.3474
Maharashtra,Pune,2023-11-15,3:45,foggy,city road,3.0,0,,15.8103,86.9928
Maharashtra,Nagpur,2023-07-29,9:30,foggy,Highway,1.0,0,1.0,24.1692,78.6994
Delhi,Dwarka,2023-03-16,10:00,Clear,National Highway,1.0,1,0.0,21.5506,87.9951
Telangana,Warangal,2023-05-26,19:15,Heavy Rain,Highway,3.0,1,2.0,25.2408,78.8778
UP,varanasi,2024-01-23,13:30,,city road,2.0,2,1.0,21.8421,87.0167
Bihar,Patna,2023-11-04,10:45,Heavy Rain,Expressway,1.0,2,4.0,12.8039,77.384
Maharashtra,Mumbai,2024-03-06,12:00,,National Highway,1.0,0,2.0,25.4269,78.7675
Delhi,Dwarka,2023-02-10,17:30,Storm,Expressway,1.0,1,0.0,15.7997,77.5458
Telangana,Warangal,2024-04-25,19:00,Clear,city road,1.0,1,1.0,21.7331,80.0915
Tamil Nadu,Chennai,2023-02-15,6:30,Clear,highway ,1.0,1,0.0,24.8231,81.313
Delhi,Rohini,2023-11-10,12:30,Fog,city road,4.0,1,1.0,24.3643,79.6063
UP,Varanasi,2023-08-17,21:00,Heavy Rain,Expressway,4.0,2,2.0,26.8663,81.2605
Maharashtra,Pune,2023-12-31,2:30,Heavy Rain,highway ,2.0,2,2.0,24.4039,79.5787
Bihar,Gaya,2023-04-07,15:00,RAIN,city road,3.0,1,0.0,27.3839,84.3465
Karnataka,Bengaluru,2024-04-14,11:45,Storm,Expressway,2.0,1,1.0,21.7834,84.4635
Telangana,Hyderabad,2023-08-25,3:00,Heavy Rain,,4.0,3,0.0,27.1546,86.7334
Telangana,Warangal,2023-08-09,6:15,foggy,,4.0,0,1.0,16.5059,87.597
UP,Lucknow,2023-05-31,6:45,Fog,Expressway,3.0,3,2.0,27.8417,80.4307
Telangana,Hyderabad,2023-02-28,1:00,clear ,city road,1.0,1,0.0,19.0848,79.8715
UP,Lucknow,2023-04-23,23:30,Storm,city road,2.0,3,0.0,26.9678,79.0431
Telangana,Hyderabad,2023-09-15,22:45,clear ,highway ,2.0,2,0.0,12.9889,78.016
Andhra Pradesh,tirupati,2023-08-08,10:00,Fog,National Highway,1.0,2,0.0,14.4076,87.6488
Andhra Pradesh,Tirupati,2024-03-23,7:45,Rain,Highway,1.0,2,1.0,15.9465,82.1806
Karnataka,Bengaluru,2023-02-21,9:30,Storm,rural road,3.0,3,,24.0619,83.3568
Delhi,Dwarka,2023-12-30,10:45,Rain,National Highway,1.0,0,2.0,18.4385,86.7305
Andhra Pradesh,Guntur,2023-10-23,23:45,RAIN,city road,1.0,3,0.0,16.3461,79.0967
Bihar,Bhagalpur,2023-03-31,8:30,RAIN,rural road,4.0,1,0.0,18.8793,86.1404
Telangana,Warangal,2024-02-12,14:30,clear ,Highway,1.0,2,0.0,20.5033,80.1674
Karnataka,Mysuru,2023-09-07,9:00,,Highway,4.0,0,0.0,21.5373,81.7723
UP,Kanpur,2023-12-05,0:00,clear ,city road,3.0,3,1.0,17.5033,85.063
Telangana,Nizamabad,2023-05-19,4:15,foggy,,1.0,2,1.0,25.1357,83.2327
UP,Kanpur,2023-07-24,3:30,clear ,Expressway,3.0,2,1.0,18.3923,80.5947
Tamil Nadu,Coimbatore,2023-03-11,13:15,clear ,National Highway,1.0,1,1.0,21.2297,82.1038
UP,Lucknow,2023-03-12,16:45,RAIN,Expressway,3.0,3,,12.5191,84.2459
Andhra Pradesh,Tirupati,2023-02-15,4:30,Heavy Rain,Expressway,3.0,0,1.0,14.7604,83.2477
UP,Lucknow,2023-07-26,21:00,Storm,Expressway,4.0,2,0.0,25.0998,87.8192
Telangana,Warangal,2023-10-17,15:30,Clear,Highway,1.0,0,0.0,12.8056,77.5804
Karnataka,Mysuru,2023-11-18,9:00,Storm,,2.0,1,2.0,15.6243,83.7537
Tamil Nadu,Chennai,2023-08-31,0:45,foggy,Highway,1.0,2,0.0,17.7473,86.0591
Maharashtra,Nagpur,2023-12-15,14:00,foggy,city road,1.0,1,2.0,17.6131,80.9882
Tamil Nadu,Coimbatore,2023-09-03,9:30,Rain,Expressway,4.0,1,2.0,15.3449,77.9316
UP,Lucknow,2023-01-15,9:45,,Expressway,4.0,0,1.0,25.4545,79.4336
Andhra Pradesh,Visakhapatnam,2024-05-07,4:45,Storm,National Highway,1.0,3,0.0,25.178,81.2307
UP,Varanasi,2023-02-02,5:15,RAIN,highway ,3.0,0,0.0,26.9209,78.3051
UP,Lucknow,2024-04-14,20:45,foggy,rural road,2.0,2,1.0,20.5052,77.3592
Delhi,Rohini,2024-05-04,18:30,,Highway,1.0,0,0.0,14.5795,84.2205
Bihar,Gaya,2024-01-25,7:15,Rain,city road,4.0,2,1.0,23.4361,77.753
Telangana,Warangal,2024-01-26,11:00,Fog,National Highway,1.0,0,0.0,21.8047,87.3233
Maharashtra,Pune,2023-08-13,21:30,Heavy Rain,city road,2.0,1,,17.6747,83.0573
Telangana,Hyderabad,2023-01-18,4:00,RAIN,rural road,1.0,3,0.0,25.0347,83.7301
Tamil Nadu,Chennai,2023-10-20,15:30,RAIN,Expressway,2.0,0,0.0,13.694,80.9039
Karnataka,Mangalore,2023-06-02,3:00,Storm,city road,1.0,4,0.0,22.5306,77.7712
Maharashtra,Pune,2023-12-27,11:00,Fog,National Highway,1.0,0,0.0,14.509,86.1003
Andhra Pradesh,Vijayawada,2023-10-26,15:30,Clear,Highway,3.0,1,0.0,14.6913,86.6726
Delhi,Rohini,2024-04-12,1:15,Storm,Highway,1.0,0,1.0,20.0388,85.0463
Bihar,Patna,2023-05-19,23:00,Rain,Highway,4.0,2,1.0,22.0771,81.4353
Tamil Nadu,Chennai,2024-04-21,1:00,Heavy Rain,Expressway,4.0,2,2.0,22.839,81.713
Karnataka,Mysuru,2023-12-26,13:15,Rain,rural road,1.0,2,1.0,14.343,86.1622
Andhra Pradesh,Guntur,2023-04-29,2:00,Heavy Rain,,1.0,3,1.0,18.9008,81.1694
Karnataka,Mysuru,2023-04-03,9:00,RAIN,National Highway,2.0,1,1.0,25.5074,82.3242
Telangana,Warangal,2024-04-25,17:15,Storm,highway ,3.0,0,1.0,21.1687,80.5773
Maharashtra,Nagpur,2023-05-06,16:30,,highway ,1.0,1,1.0,23.6539,80.8039
Tamil Nadu,Chennai,2024-03-06,16:15,clear ,highway ,2.0,3,1.0,27.1481,81.4023
Bihar,Bhagalpur,2024-01-27,14:00,Clear,rural road,1.0,1,1.0,27.8453,77.2835
UP,Kanpur,2023-01-10,12:45,Storm,Highway,2.0,3,2.0,23.0087,78.3243
Delhi,New Delhi,2024-04-10,19:30,clear ,Expressway,2.0,0,1.0,16.9155,83.011
Andhra Pradesh,Vijayawada,2023-10-11,12:30,Storm,rural road,3.0,0,0.0,14.735,81.5996
Andhra Pradesh,Visakhapatnam,2024-02-14,21:30,Rain,city road,3.0,2,1.0,13.346,81.3241
Andhra Pradesh,Vijayawada,2023-06-07,18:30,clear ,city road,4.0,3,2.0,14.6083,79.5719
Tamil Nadu,Coimbatore,2023-01-30,18:00,clear ,Expressway,3.0,2,0.0,26.8234,81.6159
Bihar,Patna,2023-04-27,20:15,Fog,Expressway,1.0,0,2.0,12.4584,83.4158
Delhi,New Delhi,2023-10-11,22:15,Clear,,3.0,1,0.0,21.4136,81.3745
Andhra Pradesh,Guntur,2023-06-29,3:00,Storm,Highway,1.0,2,1.0,16.4038,84.8038
UP,Kanpur,2023-03-15,0:30,RAIN,National Highway,4.0,2,,17.9956,83.0486
Delhi,New Delhi,2023-05-29,4:00,Rain,Expressway,2.0,1,0.0,25.3178,85.8621
Delhi,New Delhi,2023-07-13,18:00,Fog,rural road,1.0,1,0.0,25.0769,87.2344
UP,Varanasi,2024-01-11,3:00,Storm,highway ,4.0,1,0.0,17.3993,86.5776
Delhi,New Delhi,2023-08-22,10:00,Heavy Rain,rural road,4.0,1,0.0,17.3504,81.3403
Tamil Nadu,Coimbatore,2024-02-07,13:15,Fog,Expressway,2.0,0,1.0,21.1519,85.8598
Maharashtra,Pune,2023-06-10,3:00,foggy,rural road,2.0,1,1.0,14.388,79.9499
Andhra Pradesh,Guntur,2023-03-03,13:30,Storm,,1.0,0,0.0,22.8752,77.6235
Karnataka,Mangalore,2024-03-19,16:45,foggy,National Highway,2.0,1,0.0,23.1546,79.1278
Delhi,Rohini,2023-11-08,19:00,Clear,Highway,3.0,0,1.0,26.1774,86.8526
Bihar,Bhagalpur,2023-03-10,23:15,Rain,city road,1.0,0,0.0,18.5809,79.6458
Maharashtra,Mumbai,2023-04-29,9:45,RAIN,Highway,4.0,3,,22.7695,86.0679
Tamil Nadu,Coimbatore,2023-09-23,8:30,Rain,National Highway,3.0,0,0.0,23.8072,80.9652
Maharashtra,Nagpur,2024-01-21,3:15,clear ,city road,,0,1.0,13.2997,87.9184
Tamil Nadu,Chennai,2023-09-08,0:30,Heavy Rain,National Highway,4.0,3,2.0,25.8576,80.1838
Telangana,Warangal,2024-03-31,13:45,clear ,Highway,2.0,4,0.0,18.579,81.7024
Tamil Nadu,Madurai,2023-02-08,10:15,RAIN,National Highway,4.0,2,0.0,25.6092,79.2168
Andhra Pradesh,Tirupati,2023-02-21,22:30,Heavy Rain,Expressway,1.0,2,1.0,25.1724,83.1181
Tamil Nadu,Madurai,2023-04-11,8:45,Fog,rural road,2.0,0,0.0,24.2458,79.7833
Tamil Nadu,Chennai,2023-08-11,2:45,,highway ,2.0,3,1.0,17.1893,84.4413
Delhi,Dwarka,2023-09-29,21:15,clear ,city road,3.0,4,2.0,22.9205,83.329
Maharashtra,Mumbai,2023-04-23,3:30,foggy,rural road,3.0,0,0.0,24.2973,79.489
Delhi,Rohini,2023-07-23,22:15,Storm,,4.0,0,1.0,22.0053,85.2179
UP,Lucknow,2023-10-15,10:30,RAIN,rural road,4.0,2,0.0,25.5911,77.495
Tamil Nadu,Coimbatore,2023-11-22,1:30,Storm,rural road,2.0,0,2.0,19.6565,87.2175
Delhi,New Delhi,2023-11-06,17:00,Clear,rural road,1.0,1,1.0,12.2189,77.8976
Andhra Pradesh,Guntur,2023-07-05,17:15,Fog,Expressway,4.0,0,2.0,20.7703,78.9211
Tamil Nadu,madurai,2024-01-11,7:00,Clear,Highway,1.0,3,,27.4448,77.5546
Tamil Nadu,Chennai,2023-05-20,23:00,foggy,highway ,4.0,2,1.0,21.0227,82.5031
UP,Lucknow,2023-01-08,23:15,Rain,highway ,4.0,0,2.0,26.6763,81.4725
Andhra Pradesh,Visakhapatnam,2023-05-21,14:15,Rain,National Highway,4.0,2,0.0,16.6937,82.7802
Maharashtra,Nagpur,2023-10-01,16:15,foggy,Highway,4.0,2,1.0,24.6751,84.44
Andhra Pradesh,Tirupati,2024-01-30,7:45,RAIN,rural road,1.0,2,1.0,16.7332,77.0122
Karnataka,Bengaluru,2024-03-18,15:15,Rain,city road,4.0,0,0.0,22.5894,83.9708
Bihar,Gaya,2023-07-30,9:30,Fog,Highway,3.0,1,1.0,23.6604,80.5588
Bihar,Bhagalpur,2023-09-13,10:15,RAIN,rural road,4.0,2,2.0,17.4837,78.4803
Telangana,warangal,2023-03-07,0:15,Rain,city road,2.0,2,1.0,13.6549,81.4223
Bihar,Patna,2024-01-19,17:45,foggy,Highway,3.0,3,1.0,13.8915,77.0003
Delhi,Rohini,2024-03-31,11:15,Fog,National Highway,2.0,0,2.0,16.0717,77.1419
Tamil Nadu,Coimbatore,2024-04-19,23:15,,Expressway,4.0,3,1.0,27.3221,83.2232
Maharashtra,Nagpur,2023-04-07,6:00,,National Highway,1.0,0,1.0,20.782,81.1798
Tamil Nadu,Coimbatore,2023-11-18,0:15,clear ,National Highway,4.0,0,2.0,15.8448,78.0446
Tamil Nadu,Chennai,2023-10-31,4:00,Heavy Rain,National Highway,2.0,1,0.0,14.8304,87.8607
Delhi,Rohini,2024-01-31,18:30,,city road,2.0,3,1.0,25.9779,87.9513
Karnataka,Bengaluru,2023-09-01,0:30,Rain,Highway,2.0,3,1.0,17.2311,80.3632
Telangana,Hyderabad,2023-10-14,12:45,foggy,highway ,4.0,4,0.0,22.9151,80.4676
Tamil Nadu,Chennai,2024-04-29,20:30,Fog,rural road,4.0,2,0.0,14.0532,83.3634
Delhi,New Delhi,2023-01-13,11:45,RAIN,highway ,4.0,3,2.0,24.0556,86.6015
Karnataka,Mangalore,2023-01-06,6:45,,Expressway,2.0,4,0.0,21.9068,79.053
Andhra Pradesh,Visakhapatnam,2023-01-18,20:30,Storm,rural road,1.0,4,0.0,25.5993,79.1587
Andhra Pradesh,Tirupati,2023-11-08,20:45,Storm,city road,4.0,1,0.0,21.369,82.9551
Karnataka,Mangalore,2024-01-12,5:15,,rural road,1.0,2,0.0,20.7095,79.5711
Tamil Nadu,Madurai,2023-11-11,23:00,RAIN,highway ,3.0,3,1.0,12.6653,82.4794
Andhra Pradesh,Tirupati,2023-08-02,21:00,Rain,city road,2.0,0,1.0,16.9243,83.75
UP,Lucknow,2023-11-22,23:00,clear ,National Highway,3.0,3,1.0,17.8372,84.0506
Telangana,Hyderabad,2024-04-15,2:15,Rain,city road,3.0,0,0.0,23.2278,83.1211
Delhi,Dwarka,2023-02-11,23:15,clear ,highway ,2.0,2,0.0,12.3349,80.4735
Maharashtra,Mumbai,2023-10-17,10:45,Heavy Rain,city road,3.0,0,2.0,22.8106,81.3553
Bihar,Gaya,2023-10-24,11:30,,highway ,2.0,1,2.0,18.5965,87.282
UP,Kanpur,2023-11-27,21:30,Heavy Rain,National Highway,3.0,1,,21.3527,87.6625
Telangana,Nizamabad,2023-12-04,20:15,Storm,city road,4.0,1,,17.4289,82.5652
Telangana,Nizamabad,2023-07-03,0:15,foggy,rural road,3.0,2,0.0,27.964,81.9691
Karnataka,Bengaluru,2023-08-13,19:45,foggy,highway ,4.0,0,0.0,13.8423,86.716
UP,kanpur,2023-01-21,7:00,foggy,rural road,3.0,0,0.0,22.555,81.8624
Tamil Nadu,Madurai,2024-01-20,4:15,RAIN,Highway,1.0,1,1.0,25.0196,87.3455
Andhra Pradesh,Guntur,2023-04-13,5:30,clear ,Highway,2.0,2,1.0,14.4229,82.2516
Delhi,New Delhi,2023-09-02,5:30,Rain,rural road,4.0,3,2.0,18.4234,80.7189
Telangana,Warangal,2023-03-07,10:15,foggy,National Highway,3.0,1,0.0,14.6026,85.078
Bihar,Bhagalpur,2024-01-15,18:00,Heavy Rain,Expressway,2.0,4,2.0,25.9506,83.3468
UP,Lucknow,2023-11-27,7:15,Storm,city road,1.0,3,0.0,20.6445,77.8721
Maharashtra,Pune,2023-07-18,21:45,Clear,National Highway,4.0,3,1.0,18.341,80.2596
Delhi,Rohini,2024-01-11,3:45,Clear,city road,,1,0.0,18.9243,83.5525
UP,Kanpur,2024-01-30,1:30,foggy,National Highway,1.0,2,2.0,25.255,77.8821
Delhi,rohini,2024-05-12,11:00,Fog,rural road,4.0,4,0.0,25.2584,85.6182
Maharashtra,Mumbai,2023-09-21,19:45,foggy,Highway,4.0,2,0.0,13.9895,86.6265
Delhi,dwarka,2023-08-06,10:30,Clear,Expressway,3.0,2,1.0,21.2903,87.2953
Telangana,Warangal,2024-01-10,1:45,Heavy Rain,city road,1.0,1,3.0,24.9548,87.4559
Delhi,Dwarka,2023-12-19,19:15,Storm,,1.0,1,0.0,19.0377,84.0835
Telangana,Warangal,2023-09-20,23:00,RAIN,,3.0,1,0.0,21.5914,86.9264
Telangana,Warangal,2024-05-09,3:15,clear ,,2.0,0,0.0,19.0812,77.532
Maharashtra,Nagpur,2023-12-19,5:30,Clear,Expressway,4.0,2,,21.408,80.8841
UP,Varanasi,2023-03-08,8:30,Storm,Expressway,3.0,2,2.0,25.2149,83.946
Bihar,Bhagalpur,2023-08-04,20:30,foggy,rural road,1.0,2,2.0,18.6263,87.5374
Bihar,Patna,2023-09-30,22:15,,National Highway,4.0,4,1.0,15.5278,83.8822
Delhi,New Delhi,2023-04-17,23:30,clear ,National Highway,3.0,0,1.0,12.9534,83.648
UP,Kanpur,2024-01-27,0:30,Storm,city road,4.0,2,2.0,15.6284,84.3317
Tamil Nadu,Chennai,2023-02-26,18:30,Fog,city road,4.0,1,0.0,14.6139,79.029
Delhi,Rohini,2023-02-24,21:30,foggy,city road,4.0,1,0.0,12.8184,81.3757
Karnataka,Mysuru,2023-05-28,0:30,Storm,highway ,2.0,1,3.0,18.1245,86.2306
Tamil Nadu,Madurai,2023-01-15,19:15,Fog,Expressway,1.0,2,0.0,12.9927,77.7827
Bihar,Bhagalpur,2023-02-16,11:00,foggy,Expressway,2.0,4,2.0,26.0485,83.1366
Tamil Nadu,Coimbatore,2023-03-09,9:00,Clear,city road,4.0,2,0.0,22.3292,77.5014
Bihar,Bhagalpur,2023-11-25,3:30,Fog,,4.0,1,0.0,14.7182,78.3964
Bihar,Gaya,2023-02-06,13:30,Rain,highway ,1.0,2,0.0,15.9336,80.9395
Andhra Pradesh,Visakhapatnam,2023-07-24,22:45,foggy,Highway,1.0,3,1.0,13.2281,77.0461
Karnataka,Mysuru,2023-07-31,21:30,Fog,city road,4.0,3,2.0,18.5726,82.3861
Bihar,Patna,2024-01-23,8:30,clear ,highway ,4.0,1,,17.3659,78.9479
Karnataka,Bengaluru,2023-09-25,9:00,Heavy Rain,National Highway,3.0,3,1.0,17.0458,81.3246
Bihar,Bhagalpur,2023-05-31,4:15,Fog,Expressway,3.0,1,0.0,14.8645,85.7727
Karnataka,Mangalore,2023-01-07,8:30,foggy,rural road,2.0,2,2.0,19.6014,87.1468
UP,Kanpur,2023-11-28,5:45,,rural road,4.0,1,0.0,17.599,85.6067
Maharashtra,Nagpur,2024-02-03,23:00,Heavy Rain,National Highway,4.0,2,1.0,15.5945,81.3927
Tamil Nadu,Madurai,2023-04-14,11:00,foggy,highway ,1.0,2,0.0,14.8943,85.7907
Telangana,Hyderabad,2023-08-17,18:15,Heavy Rain,National Highway,2.0,3,0.0,18.7202,83.362
Andhra Pradesh,Visakhapatnam,2023-10-10,8:00,Heavy Rain,highway ,1.0,2,1.0,25.8628,77.6558
Bihar,Gaya,2023-02-20,17:00,RAIN,highway ,1.0,1,1.0,18.6531,83.0345
Tamil Nadu,Madurai,2023-09-07,9:00,foggy,Highway,4.0,2,1.0,27.9444,78.4874
Andhra Pradesh,Visakhapatnam,2024-01-22,13:30,Storm,highway ,2.0,0,2.0,14.1282,78.7461
Tamil Nadu,Coimbatore,2023-05-21,21:30,Storm,Highway,2.0,1,0.0,22.7075,82.3218
Telangana,Warangal,2023-12-11,9:00,Storm,National Highway,2.0,0,0.0,21.5005,83.3315
Bihar,Patna,2023-12-17,9:15,Fog,National Highway,2.0,1,0.0,20.8555,83.2732
Delhi,Rohini,2023-08-31,20:45,clear ,city road,3.0,2,0.0,12.4032,80.9032
Delhi,Rohini,2023-06-11,14:30,foggy,,4.0,2,2.0,16.1786,84.6445
Karnataka,Mysuru,2024-01-28,8:00,Heavy Rain,city road,3.0,3,1.0,23.7604,83.7112
Tamil Nadu,Chennai,2023-11-13,16:45,clear ,Highway,1.0,0,0.0,16.1813,81.6101
Andhra Pradesh,Tirupati,2023-12-19,22:45,,,4.0,2,3.0,16.611,77.0711
Maharashtra,Mumbai,2023-08-30,4:00,RAIN,highway ,4.0,0,0.0,23.7537,77.2634
Bihar,Patna,2023-06-17,18:30,clear ,highway ,1.0,2,1.0,14.7905,82.1881
Delhi,Dwarka,2024-01-18,6:15,RAIN,rural road,2.0,2,0.0,20.8085,81.481
Andhra Pradesh,Guntur,2023-03-03,20:45,foggy,rural road,4.0,3,1.0,15.1407,77.2482
UP,Lucknow,2024-05-06,16:30,Storm,National Highway,3.0,2,2.0,26.2505,83.5664
Karnataka,Mangalore,2024-03-09,2:45,Heavy Rain,Highway,4.0,1,2.0,23.9978,87.0435
Delhi,New Delhi,2023-04-04,20:30,Storm,Expressway,4.0,0,1.0,16.3008,79.1851
Andhra Pradesh,Guntur,2023-06-15,13:15,clear ,city road,3.0,1,0.0,20.8821,83.4679
Karnataka,Bengaluru,2024-01-31,4:15,,city road,1.0,4,0.0,13.3052,77.9657
Telangana,Warangal,2024-03-21,10:15,Heavy Rain,city road,3.0,2,0.0,15.4239,80.1161
Andhra Pradesh,Guntur,2024-03-25,14:00,foggy,Highway,4.0,3,0.0,12.2218,84.1432
Tamil Nadu,Chennai,2024-01-30,12:00,Rain,city road,1.0,3,1.0,26.924,77.2215
Delhi,dwarka,2023-04-08,6:00,RAIN,rural road,3.0,4,0.0,22.6084,84.4697
Telangana,Warangal,2023-07-04,9:00,foggy,highway ,3.0,0,2.0,26.076,77.5414
Andhra Pradesh,Visakhapatnam,2024-01-09,20:30,Clear,,2.0,2,0.0,16.0991,79.4272
Andhra Pradesh,Vijayawada,2023-11-02,6:30,RAIN,Expressway,4.0,4,1.0,15.8251,85.3384
Karnataka,Mysuru,2024-03-26,3:15,Clear,rural road,2.0,1,2.0,18.5709,79.3066
Andhra Pradesh,Visakhapatnam,2023-01-15,15:00,Fog,rural road,1.0,2,1.0,26.9527,80.3372
Delhi,New Delhi,2023-02-17,13:00,Rain,rural road,4.0,2,1.0,23.0665,87.622
Andhra Pradesh,Visakhapatnam,2023-09-01,15:30,Fog,National Highway,3.0,0,0.0,22.7473,85.0224
Tamil Nadu,Chennai,2023-04-23,16:15,Fog,city road,1.0,0,1.0,20.0713,80.4341
Maharashtra,Mumbai,2024-01-09,21:30,RAIN,highway ,4.0,4,0.0,23.9234,79.5545
Karnataka,Mysuru,2023-08-05,11:15,Clear,highway ,,0,0.0,15.1781,85.6173
Tamil Nadu,Chennai,2023-07-23,10:00,Storm,rural road,3.0,1,1.0,24.0205,86.8669
Bihar,Bhagalpur,2023-05-15,17:45,Rain,highway ,3.0,1,1.0,27.3007,81.1434
Delhi,Dwarka,2024-01-31,17:45,Rain,highway ,3.0,1,,19.7788,78.1991
Karnataka,Bengaluru,2023-04-27,14:00,Rain,Expressway,3.0,1,0.0,24.9412,86.6304
Karnataka,Mysuru,2024-02-24,16:15,Fog,highway ,2.0,2,0.0,25.7157,85.4112
Andhra Pradesh,Visakhapatnam,2023-10-04,7:15,RAIN,city road,1.0,2,0.0,27.1204,84.5079
Karnataka,Mangalore,2024-04-27,19:45,Heavy Rain,National Highway,1.0,2,1.0,22.3316,82.6163
Bihar,Gaya,2023-06-14,4:30,Clear,Highway,3.0,1,0.0,24.8383,86.4756
Telangana,Hyderabad,2024-01-22,13:15,Fog,rural road,2.0,3,0.0,24.0292,85.9314
UP,Kanpur,2023-10-30,6:15,RAIN,Highway,2.0,1,1.0,25.7361,78.4486
Karnataka,Bengaluru,2023-08-16,4:30,RAIN,Highway,1.0,3,1.0,22.8436,79.7755
Bihar,gaya,2024-02-25,3:45,Fog,Highway,3.0,1,1.0,12.8582,84.8921
Bihar,Gaya,2023-10-27,5:45,clear ,city road,1.0,3,0.0,18.1344,78.8511
Bihar,Bhagalpur,2024-05-08,13:45,Clear,highway ,1.0,2,2.0,15.0271,84.9242
Delhi,Dwarka,2023-12-08,8:30,Rain,Highway,1.0,4,1.0,19.3744,86.1158
Maharashtra,Mumbai,2024-02-04,22:45,,Expressway,4.0,2,1.0,13.6864,86.2274
Telangana,Hyderabad,2024-05-09,7:30,foggy,rural road,1.0,3,2.0,17.8077,86.6721
UP,Varanasi,2024-01-17,13:00,,Expressway,2.0,1,1.0,18.5244,86.7502
Bihar,Gaya,2023-07-03,21:30,RAIN,,3.0,3,2.0,16.3289,79.7367
Karnataka,Bengaluru,2023-10-13,17:30,foggy,National Highway,2.0,1,1.0,24.4081,81.3243
Tamil Nadu,Coimbatore,2024-02-29,9:00,Rain,highway ,4.0,2,1.0,17.9062,80.9291
Bihar,Gaya,2023-06-22,14:30,,city road,3.0,2,1.0,19.0506,86.6791
Maharashtra,Nagpur,2023-10-03,5:45,Rain,city road,1.0,5,3.0,14.2139,87.8101
Delhi,Rohini,2023-07-01,12:15,foggy,Highway,3.0,1,0.0,22.6103,83.549
Tamil Nadu,Madurai,2023-03-21,21:30,Clear,rural road,2.0,0,0.0,24.561,79.1528
Tamil Nadu,Chennai,2023-01-07,9:15,Clear,Expressway,4.0,2,2.0,18.7035,82.0383
UP,Varanasi,2023-10-22,12:30,RAIN,National Highway,4.0,3,0.0,20.206,80.5294
Karnataka,Mysuru,2024-03-16,22:15,Fog,Highway,4.0,2,0.0,17.5203,77.6021
Tamil Nadu,Coimbatore,2023-05-18,18:00,Storm,Expressway,4.0,1,0.0,15.5142,77.0025
Andhra Pradesh,Visakhapatnam,2023-09-02,22:15,,highway ,3.0,1,1.0,13.9258,77.7437
Bihar,Gaya,2023-12-27,4:45,Heavy Rain,highway ,4.0,2,1.0,18.8886,78.3105
UP,Lucknow,2024-01-28,17:30,Clear,Expressway,1.0,0,1.0,17.9972,83.8346
UP,Varanasi,2023-03-24,23:15,Heavy Rain,,2.0,1,1.0,12.5694,87.9376
Telangana,Warangal,2023-10-21,22:45,foggy,rural road,4.0,3,0.0,17.4599,81.886
Maharashtra,Pune,2023-02-16,5:30,foggy,city road,2.0,2,3.0,25.7831,86.5264
Maharashtra,Mumbai,2024-03-26,19:00,Clear,,,2,0.0,19.7317,87.8559
Maharashtra,Mumbai,2024-02-14,18:30,Rain,city road,2.0,1,1.0,20.6143,87.9135
Karnataka,Mangalore,2023-07-11,18:15,Storm,highway ,2.0,0,2.0,12.1117,81.4383
Telangana,Warangal,2024-04-23,9:00,RAIN,highway ,2.0,2,0.0,17.3973,86.1028
Delhi,Dwarka,2024-04-20,21:45,Storm,Highway,1.0,1,0.0,13.091,79.0584
UP,Lucknow,2023-07-03,1:45,Rain,Expressway,1.0,0,1.0,18.6783,81.1455
UP,Varanasi,2023-11-26,6:30,RAIN,city road,4.0,0,0.0,13.7088,87.4874
Bihar,Patna,2023-09-09,3:30,Storm,Expressway,4.0,1,0.0,16.7691,80.5244
Andhra Pradesh,guntur,2024-04-29,2:30,Fog,highway ,3.0,2,0.0,13.96,83.984
Andhra Pradesh,Tirupati,2024-01-14,16:15,RAIN,highway ,1.0,2,2.0,13.2457,87.5099
Telangana,Nizamabad,2023-04-15,15:15,Clear,Highway,,2,0.0,14.701,86.3934
Delhi,New Delhi,2023-07-19,7:30,foggy,Highway,2.0,2,0.0,24.3111,87.2828
Maharashtra,Mumbai,2024-04-26,20:30,foggy,highway ,1.0,1,1.0,16.5469,80.1787
Bihar,Gaya,2023-11-04,0:45,Clear,highway ,4.0,0,0.0,20.7129,78.7587
Bihar,Patna,2023-04-04,17:30,Fog,highway ,3.0,0,1.0,16.9649,82.5368
Maharashtra,mumbai,2024-01-25,3:45,Heavy Rain,Highway,4.0,2,1.0,22.3285,78.7135
Andhra Pradesh,Tirupati,2023-04-05,2:00,Heavy Rain,rural road,3.0,0,1.0,18.0378,81.5487
Tamil Nadu,Chennai,2024-01-07,10:00,Clear,city road,3.0,1,0.0,14.8655,81.3144
Andhra Pradesh,Tirupati,2023-07-14,4:30,Rain,city road,,1,1.0,27.7001,81.1978
Tamil Nadu,Madurai,2023-09-28,9:15,,Expressway,3.0,1,2.0,22.0427,79.1122
Karnataka,mangalore,2024-04-22,10:30,Clear,,1.0,3,1.0,13.1046,80.6827
Telangana,Hyderabad,2024-01-26,20:00,Rain,Highway,4.0,3,0.0,17.6953,78.6336
Tamil Nadu,Madurai,2023-09-09,19:30,RAIN,highway ,4.0,3,1.0,18.114,78.455
Maharashtra,Nagpur,2024-01-10,5:45,clear ,city road,3.0,1,0.0,16.7984,84.0707
Tamil Nadu,Coimbatore,2023-03-06,20:30,Heavy Rain,rural road,4.0,3,1.0,17.8,86.064
Delhi,Dwarka,2023-12-07,12:15,Heavy Rain,city road,2.0,1,0.0,24.815,78.9817
Delhi,Dwarka,2023-10-08,13:30,clear ,city road,4.0,3,0.0,12.4056,84.5905
UP,Lucknow,2023-04-13,6:30,Fog,highway ,,1,0.0,21.757,79.6488
Karnataka,Mysuru,2024-01-17,21:15,foggy,Expressway,2.0,1,0.0,14.3546,80.2777
Bihar,Gaya,2023-11-09,19:00,,Highway,1.0,1,0.0,13.972,80.3845
Delhi,New Delhi,2024-01-16,4:15,clear ,Highway,3.0,2,2.0,26.1517,83.0939
Karnataka,Mysuru,2023-06-05,3:15,Fog,city road,4.0,0,1.0,14.6597,87.0814
Maharashtra,Nagpur,2024-03-10,7:00,Fog,rural road,1.0,0,0.0,24.1572,80.7271
Andhra Pradesh,Visakhapatnam,2024-04-21,14:15,Storm,Highway,4.0,3,1.0,12.7937,79.8277
Telangana,Hyderabad,2023-03-11,19:30,foggy,city road,1.0,0,0.0,23.9025,87.1113
Telangana,Warangal,2023-11-05,15:00,foggy,city road,3.0,0,0.0,27.3848,81.8934
Bihar,Gaya,2024-04-08,5:00,Heavy Rain,highway ,3.0,0,0.0,26.5528,83.2585
Bihar,Bhagalpur,2023-02-11,10:00,Fog,,1.0,2,1.0,17.4696,81.7706
Andhra Pradesh,Visakhapatnam,2023-12-23,12:30,RAIN,Expressway,4.0,1,2.0,24.703,87.3509
Bihar,gaya,2023-05-17,2:45,Rain,highway ,3.0,3,1.0,24.8816,86.2954
Tamil Nadu,chennai,2023-04-01,11:00,Fog,Expressway,,1,0.0,18.43,84.4113
Telangana,Hyderabad,2023-10-26,20:45,RAIN,,1.0,3,0.0,17.7117,83.9822
Karnataka,Bengaluru,2024-01-03,2:00,foggy,highway ,2.0,2,0.0,20.7311,79.2447
Tamil Nadu,Madurai,2023-09-11,19:15,Storm,National Highway,1.0,3,0.0,19.7216,79.3763
Tamil Nadu,Madurai,2023-03-05,22:00,Heavy Rain,city road,3.0,1,1.0,19.6016,86.8775
UP,Varanasi,2023-11-24,9:15,foggy,National Highway,3.0,4,1.0,16.0348,81.914
Karnataka,Bengaluru,2023-02-01,2:45,RAIN,highway ,1.0,1,0.0,12.0151,77.4319
Andhra Pradesh,Vijayawada,2023-06-13,18:30,Rain,Expressway,3.0,3,1.0,20.8106,78.6846
Maharashtra,Pune,2023-06-10,17:15,,Expressway,2.0,2,2.0,23.7,85.4672
UP,Kanpur,2024-03-20,14:45,Fog,,4.0,2,1.0,17.4663,84.1331
Karnataka,Mysuru,2023-07-07,0:45,Fog,,2.0,1,0.0,25.0519,83.5704
Bihar,Gaya,2023-03-23,9:30,Heavy Rain,city road,4.0,1,1.0,25.6728,80.74
Andhra Pradesh,Visakhapatnam,2024-05-07,3:00,RAIN,highway ,4.0,2,1.0,14.9091,81.7338
Bihar,Patna,2024-05-04,9:15,RAIN,highway ,3.0,2,0.0,20.5656,83.9886
Delhi,Rohini,2024-03-18,4:30,Storm,Highway,1.0,1,0.0,12.664,80.5427
Delhi,Rohini,2024-04-13,15:30,RAIN,Expressway,3.0,3,1.0,22.6708,81.7894
Tamil Nadu,Madurai,2023-10-31,19:15,Heavy Rain,rural road,4.0,2,1.0,16.1425,77.5811
Delhi,New Delhi,2023-09-28,15:45,clear ,Highway,4.0,1,1.0,16.8444,82.8572
Andhra Pradesh,Tirupati,2023-05-07,7:00,RAIN,National Highway,4.0,4,2.0,14.6601,81.1771
Tamil Nadu,Madurai,2023-04-07,19:00,clear ,highway ,1.0,2,1.0,23.6421,87.1486
UP,Varanasi,2024-02-24,0:30,clear ,,2.0,2,2.0,15.0724,84.3335
Karnataka,Mysuru,2023-11-17,12:15,Storm,National Highway,1.0,3,2.0,19.8366,82.8152
Karnataka,Mysuru,2024-05-04,0:00,Clear,National Highway,4.0,2,1.0,15.1609,85.8569
Delhi,Dwarka,2023-04-02,10:00,clear ,,1.0,4,0.0,19.0035,80.0443
Telangana,Hyderabad,2023-03-19,3:15,Heavy Rain,Highway,3.0,0,1.0,26.9259,87.1491
Andhra Pradesh,Tirupati,2023-11-25,12:15,Rain,city road,4.0,0,1.0,23.7941,77.4038
Andhra Pradesh,Vijayawada,2023-11-26,22:15,Storm,Highway,1.0,0,0.0,26.7286,77.132
Delhi,Dwarka,2024-01-23,20:45,Clear,Expressway,3.0,3,,19.7603,77.9394
Andhra Pradesh,Guntur,2023-04-28,18:45,Clear,National Highway,1.0,2,1.0,21.827,79.6027
Andhra Pradesh,Visakhapatnam,2023-05-17,17:30,foggy,city road,2.0,1,0.0,13.1983,78.1678
Maharashtra,Pune,2023-01-15,14:45,,city road,1.0,1,1.0,15.1193,82.554
Maharashtra,Nagpur,2023-12-12,6:30,RAIN,rural road,1.0,0,1.0,12.5834,77.5802
Andhra Pradesh,Visakhapatnam,2023-01-07,6:15,RAIN,city road,4.0,1,0.0,25.5039,79.8865
Karnataka,Mysuru,2023-09-03,17:30,Heavy Rain,Highway,1.0,1,0.0,19.1853,83.3537
Andhra Pradesh,Visakhapatnam,2023-08-16,12:15,Rain,Highway,3.0,0,1.0,17.0485,78.1729
UP,Varanasi,2023-01-12,9:00,Rain,National Highway,2.0,1,0.0,24.2655,87.629
Andhra Pradesh,Tirupati,2023-03-31,0:00,Rain,highway ,2.0,3,,16.5633,83.9385
Bihar,Patna,2024-01-10,22:15,Heavy Rain,,4.0,0,1.0,24.1244,80.1011
Andhra Pradesh,Vijayawada,2023-12-03,2:30,clear ,highway ,4.0,2,0.0,12.8996,82.342
Bihar,Patna,2023-11-29,1:45,Storm,city road,1.0,2,1.0,20.7425,79.7472
Delhi,Rohini,2024-04-06,11:15,RAIN,highway ,3.0,3,0.0,20.9475,82.6622
Karnataka,Mangalore,2024-01-20,15:45,RAIN,rural road,1.0,1,1.0,21.6514,77.8769
Karnataka,Bengaluru,2023-06-25,16:15,RAIN,Expressway,2.0,2,1.0,21.2106,78.3873
UP,Lucknow,2024-02-26,13:00,Clear,Expressway,1.0,3,1.0,18.5027,86.6782
Delhi,Dwarka,2023-03-01,10:30,foggy,Expressway,4.0,2,1.0,21.9761,78.4442
Bihar,Patna,2024-03-03,22:15,Clear,Expressway,1.0,0,0.0,26.5412,85.3644
Maharashtra,Mumbai,2023-10-05,20:00,,Highway,1.0,0,2.0,14.9447,85.321
Maharashtra,Pune,2024-05-01,3:45,,highway ,4.0,0,0.0,21.866,77.4437
Bihar,Bhagalpur,2023-11-11,18:00,Storm,,4.0,1,1.0,14.3673,87.8312
Telangana,Warangal,2023-12-19,18:30,,Highway,4.0,1,0.0,15.2566,85.4597
Telangana,hyderabad,2024-01-06,22:00,Storm,rural road,3.0,4,0.0,12.3361,77.3787
Bihar,patna,2023-11-11,13:00,Clear,highway ,2.0,3,0.0,26.1638,77.9538
Karnataka,Mysuru,2023-05-21,22:45,Clear,National Highway,1.0,3,1.0,18.2076,86.1252
Maharashtra,Nagpur,2023-06-19,13:00,Fog,Highway,2.0,0,2.0,27.0109,80.0312
Karnataka,Mysuru,2023-01-23,9:15,Heavy Rain,National Highway,4.0,3,0.0,24.2451,87.2234
Karnataka,Bengaluru,2024-01-15,19:00,Storm,rural road,3.0,2,0.0,23.8167,77.7017
Telangana,Warangal,2023-08-31,1:30,,Expressway,4.0,0,0.0,16.8718,87.8124
Tamil Nadu,Chennai,2023-03-03,0:15,Rain,Expressway,2.0,3,1.0,27.6259,81.1492
Telangana,Nizamabad,2023-04-05,18:45,Rain,Expressway,1.0,1,,25.9125,78.9872
Andhra Pradesh,Vijayawada,2023-02-27,16:30,Clear,National Highway,2.0,3,0.0,18.3001,83.6903
Bihar,Gaya,2023-04-20,3:15,foggy,Expressway,1.0,3,0.0,15.6533,77.643
Telangana,nizamabad,2023-03-26,7:45,RAIN,city road,3.0,1,0.0,14.6883,80.9028
Tamil Nadu,Madurai,2024-01-07,11:45,Storm,Expressway,2.0,1,0.0,21.3329,86.7278
Karnataka,Bengaluru,2023-11-03,16:30,Storm,Highway,4.0,2,0.0,22.6358,81.6127
Andhra Pradesh,Visakhapatnam,2023-05-23,12:30,Storm,highway ,3.0,1,2.0,20.0742,77.0809
Bihar,Gaya,2024-01-23,22:15,Storm,National Highway,1.0,3,2.0,12.6144,81.0508
Maharashtra,Pune,2024-03-23,9:15,RAIN,National Highway,2.0,1,1.0,20.0311,87.0092
UP,Kanpur,2023-05-16,19:45,Heavy Rain,Expressway,2.0,2,2.0,24.7649,86.508
Delhi,New Delhi,2024-02-13,14:15,Rain,highway ,3.0,0,1.0,18.1768,87.6338
Bihar,Gaya,2023-05-06,12:45,clear ,Expressway,4.0,1,1.0,25.8074,82.2862
UP,Lucknow,2023-02-04,6:30,Storm,rural road,3.0,2,0.0,18.6746,86.6552
Bihar,Bhagalpur,2023-02-25,15:45,foggy,National Highway,1.0,2,,20.923,77.6007
Telangana,Warangal,2023-02-25,17:30,Fog,Highway,,2,1.0,16.654,82.1635
Maharashtra,Pune,2023-08-09,7:15,Heavy Rain,Expressway,,1,1.0,15.0828,78.4198
Tamil Nadu,Chennai,2024-02-17,12:15,Clear,city road,1.0,3,0.0,19.546,79.5023
Tamil Nadu,Coimbatore,2023-04-24,7:45,Fog,,2.0,1,0.0,27.0388,80.7733
UP,Kanpur,2023-04-20,7:00,Rain,rural road,4.0,1,1.0,14.8666,86.8025
Maharashtra,Mumbai,2024-03-27,21:45,foggy,Expressway,3.0,4,0.0,27.7394,77.5519
Delhi,New Delhi,2023-12-27,2:45,Fog,rural road,2.0,2,0.0,16.5092,79.0273
UP,Varanasi,2024-03-25,15:00,Heavy Rain,highway ,1.0,1,1.0,19.4835,83.6649
Bihar,Gaya,2024-01-06,14:45,Rain,rural road,3.0,1,0.0,24.536,77.1156
Tamil Nadu,Madurai,2023-11-27,16:15,,rural road,3.0,2,1.0,18.9254,82.891
Andhra Pradesh,Visakhapatnam,2023-02-10,16:30,Storm,city road,3.0,0,0.0,26.1988,86.8333
Karnataka,Mangalore,2023-02-04,7:00,Clear,Expressway,2.0,3,,26.8305,87.5826
Tamil Nadu,Madurai,2023-12-31,2:00,Rain,National Highway,2.0,1,1.0,16.4591,87.5476
Karnataka,Bengaluru,2024-02-07,0:30,Fog,National Highway,1.0,2,0.0,16.5208,80.0691
Karnataka,Bengaluru,2024-03-17,19:30,clear ,rural road,2.0,2,0.0,13.3212,78.6997
Andhra Pradesh,Vijayawada,2023-07-13,4:00,clear ,rural road,4.0,2,1.0,16.1407,80.481
Delhi,Rohini,2023-10-23,22:45,clear ,Expressway,4.0,1,0.0,27.4649,87.3918
Delhi,Dwarka,2023-03-01,19:45,foggy,rural road,,2,0.0,26.5535,77.068
Karnataka,Mysuru,2024-03-18,18:15,clear ,rural road,2.0,2,1.0,12.2271,79.834
Bihar,Gaya,2024-03-27,6:45,Fog,rural road,1.0,4,0.0,23.7306,87.9496
Delhi,Dwarka,2024-04-10,12:45,Rain,Expressway,3.0,2,0.0,20.5332,81.4621
Bihar,Patna,2023-06-30,10:15,,Expressway,2.0,1,2.0,21.6519,79.4999
Tamil Nadu,Madurai,2023-09-24,11:00,Storm,rural road,3.0,4,1.0,20.2427,87.8931
Telangana,Warangal,2024-01-24,15:45,Clear,highway ,1.0,0,2.0,24.3544,78.8751
Maharashtra,mumbai,2023-03-14,6:00,foggy,,4.0,0,0.0,18.9089,85.5996
Tamil Nadu,coimbatore,2024-02-14,4:45,clear ,city road,1.0,3,0.0,21.2238,80.7628
Tamil Nadu,Coimbatore,2024-04-13,5:45,Rain,Highway,4.0,1,1.0,15.5901,82.5495
Maharashtra,Nagpur,2023-10-13,17:30,RAIN,Expressway,2.0,2,3.0,19.1283,87.6367
Tamil Nadu,Chennai,2024-02-22,0:45,Storm,National Highway,3.0,3,1.0,14.2312,83.2613
Maharashtra,Pune,2023-02-24,4:15,Heavy Rain,city road,4.0,2,2.0,23.4882,81.0925
Maharashtra,Pune,2023-08-04,15:45,Fog,,2.0,4,0.0,20.2672,85.3465
Maharashtra,Pune,2023-08-26,9:45,,rural road,4.0,2,0.0,23.3061,83.7101
Karnataka,Bengaluru,2023-08-16,4:30,RAIN,Highway,1.0,3,1.0,22.8436,79.7755
Karnataka,Bengaluru,2023-04-06,13:45,foggy,Highway,1.0,1,0.0,13.3656,87.9656
Delhi,Dwarka,2023-12-07,12:15,Heavy Rain,city road,2.0,1,0.0,24.815,78.9817
Karnataka,Bengaluru,2023-06-25,13:45,Fog,National Highway,2.0,1,1.0,21.6003,80.2083
Maharashtra,Mumbai,2024-03-06,12:00,,National Highway,1.0,0,2.0,25.4269,78.7675
Tamil Nadu,Madurai,2024-05-08,6:30,Storm,city road,1.0,1,0.0,12.5867,85.1004
Karnataka,Mangalore,2023-01-29,12:30,Storm,Expressway,4.0,1,,19.7694,77.3029
Karnataka,Mysuru,2024-03-27,20:30,Rain,highway ,2.0,2,1.0,14.8681,85.8
Tamil Nadu,Chennai,2024-04-28,6:15,Rain,city road,1.0,1,0.0,17.674,80.1596
Karnataka,Mysuru,2023-09-15,1:00,Fog,National Highway,2.0,4,1.0,12.629,85.7935
Delhi,Dwarka,2023-08-29,14:00,Clear,highway ,3.0,3,0.0,20.3053,82.271
Karnataka,Mysuru,2023-12-31,20:15,foggy,,3.0,4,2.0,12.2095,84.2989
Telangana,Warangal,2024-02-12,14:30,clear ,Highway,1.0,2,0.0,20.5033,80.1674
Tamil Nadu,madurai,2024-02-29,22:45,,highway ,2.0,3,0.0,15.2297,84.4078
Bihar,Bhagalpur,2023-11-11,18:00,Storm,,4.0,1,1.0,14.3673,87.8312
UP,Varanasi,2024-05-03,7:00,Heavy Rain,Highway,4.0,2,1.0,14.8892,83.2474
Telangana,Hyderabad,2023-02-28,15:15,Rain,city road,4.0,2,0.0,22.1463,78.3889
Tamil Nadu,Coimbatore,2024-02-29,9:00,Rain,highway ,4.0,2,1.0,17.9062,80.9291
Delhi,New Delhi,2023-04-04,20:30,Storm,Expressway,4.0,0,1.0,16.3008,79.1851
Karnataka,Mangalore,2023-10-24,5:15,Rain,rural road,3.0,2,1.0,14.8749,79.613
Telangana,Hyderabad,2023-03-11,19:30,foggy,city road,1.0,0,0.0,23.9025,87.1113
Karnataka,Mangalore,2024-03-12,21:45,,city road,2.0,1,0.0,24.9318,87.4246
Bihar,Patna,2023-01-05,22:30,Rain,rural road,2.0,1,1.0,19.9419,83.5653
Telangana,Hyderabad,2023-09-15,22:45,clear ,highway ,2.0,2,0.0,12.9889,78.016
Maharashtra,Nagpur,2023-02-24,13:00,,rural road,1.0,1,1.0,25.4294,77.042
Telangana,Hyderabad,2024-01-29,7:30,Fog,highway ,1.0,2,0.0,12.3154,78.1452
Andhra Pradesh,Tirupati,2024-01-30,7:45,RAIN,rural road,1.0,2,1.0,16.7332,77.0122
UP,varanasi,2023-04-03,14:45,Storm,rural road,3.0,0,1.0,14.6524,87.4027
Telangana,Warangal,2023-08-31,1:30,,Expressway,4.0,0,0.0,16.8718,87.8124
Telangana,nizamabad,2023-03-26,7:45,RAIN,city road,3.0,1,0.0,14.6883,80.9028
Maharashtra,Mumbai,2024-04-26,20:30,foggy,highway ,1.0,1,1.0,16.5469,80.1787
UP,Kanpur,2023-08-05,21:45,,rural road,4.0,1,0.0,16.9569,79.7495
Andhra Pradesh,Tirupati,2023-07-31,1:15,RAIN,Expressway,4.0,3,1.0,26.2401,80.7179
Andhra Pradesh,Tirupati,2023-05-15,11:00,Storm,Highway,2.0,1,0.0,12.2943,87.0573
Maharashtra,Nagpur,2023-10-09,5:00,Storm,Highway,1.0,3,2.0,21.9306,79.2144
UP,Varanasi,2023-11-26,6:30,RAIN,city road,4.0,0,0.0,13.7088,87.4874
UP,Kanpur,2023-11-28,5:45,,rural road,4.0,1,0.0,17.599,85.6067
Tamil Nadu,Chennai,2023-11-09,20:45,foggy,Expressway,3.0,2,2.0,19.5452,81.5303
Maharashtra,Mumbai,2023-01-01,3:00,Storm,highway ,1.0,3,,16.3171,86.0755
Karnataka,Mangalore,2023-12-21,1:15,Storm,Expressway,,0,0.0,12.531,80.3434
Bihar,Bhagalpur,2023-03-20,13:15,clear ,Expressway,4.0,0,1.0,17.2064,85.2114
Tamil Nadu,Madurai,2024-01-06,21:45,,Highway,4.0,3,0.0,20.0502,86.4214
Tamil Nadu,Coimbatore,2023-04-05,0:30,,Highway,3.0,1,1.0,24.9741,86.1941
Telangana,Nizamabad,2023-09-05,4:15,Heavy Rain,city road,4.0,2,2.0,12.771,80.9606
Bihar,Bhagalpur,2023-03-05,11:45,RAIN,rural road,2.0,2,1.0,24.117,78.7784
Karnataka,Mangalore,2023-07-11,18:15,Storm,highway ,2.0,0,2.0,12.1117,81.4383
UP,Lucknow,2024-03-16,16:30,foggy,National Highway,1.0,1,0.0,26.6798,80.1955
Bihar,Patna,2023-07-09,17:45,clear ,National Highway,3.0,1,0.0,21.7757,81.5213
